"Q1","Q2","Q3","Q4","Q5","Q6","Q7","Q8","Q9","Q10","Q11","Q12","Q13","Q14","Q15","Q16","Q17","Q18","Q19","Q20","Q21","Q22","Q23","Q24","Q25","Q26","Q27","Q28","Q29","Q30","Q31","Q32","affiliative","selfenhancing","agressive","selfdefeating","age","gender","accuracy"
2,2,3,1,4,5,4,3,4,3,3,1,5,4,4,4,2,3,3,1,4,4,3,2,1,3,2,4,2,4,2,2,4,3.5,3,2.3,25,2,100
2,3,2,2,4,4,4,3,4,3,4,3,3,4,5,4,2,2,3,2,3,3,4,2,2,5,1,2,4,4,3,1,3.3,3.5,3.3,2.4,44,2,90
3,4,3,3,4,4,3,1,2,4,3,2,4,4,3,3,2,4,2,1,4,2,4,3,2,4,3,3,2,5,4,2,3.9,3.9,3.1,2.3,50,1,75
3,3,3,4,3,5,4,3,-1,4,2,4,4,5,4,3,3,3,3,3,4,3,2,4,2,4,2,2,4,5,3,3,3.6,4,2.9,3.3,30,2,85
1,4,2,2,3,5,4,1,4,4,2,2,5,4,4,4,2,3,2,1,5,3,3,1,1,5,2,3,2,5,4,2,4.1,4.1,2.9,2,52,1,80
3,3,3,2,3,3,4,2,2,1,3,3,4,4,4,3,2,1,4,2,4,4,4,2,2,3,2,4,3,4,3,3,3.6,2.9,3.4,2.6,30,2,60
4,1,2,4,2,3,3,3,4,4,4,1,2,1,2,4,4,1,3,1,3,2,2,3,4,3,2,2,3,3,4,4,2.3,2.3,2.8,2.8,27,1,60
2,4,4,1,5,5,4,3,2,4,3,3,5,4,3,3,3,4,5,3,4,3,3,1,1,4,2,4,1,5,2,2,4.4,4.1,3.3,2.5,34,1,88
2,2,1,1,3,4,3,1,3,3,2,2,5,3,3,4,2,2,4,1,4,4,4,2,1,3,4,4,1,5,2,1,4.1,3.3,2.9,2,30,2,95
4,2,4,1,3,5,4,2,3,1,5,3,1,3,1,5,5,1,3,1,2,1,5,2,4,5,5,2,1,5,3,2,2.4,2.9,3.8,2.3,18,1,85
1,5,1,3,4,5,4,3,2,5,5,3,5,5,5,2,2,5,4,1,5,1,4,4,1,5,2,2,2,5,2,3,4.5,4.5,3.4,2.6,33,1,86
1,3,5,5,5,5,1,4,1,3,5,4,5,3,3,2,1,3,5,1,5,1,1,3,1,5,3,1,1,5,1,3,5,3.5,3,2.9,26,1,90
2,3,2,4,2,5,3,3,3,1,4,5,5,4,4,2,3,2,2,2,4,4,2,1,-1,2,1,3,1,5,3,1,4,3.3,2.6,2.6,29,2,80
4,2,2,2,2,2,3,1,5,1,5,1,4,2,3,5,4,2,1,1,2,2,4,3,2,2,2,2,4,4,2,1,2.4,2.1,2.8,2,36,1,90
1,2,3,3,5,5,3,2,3,1,1,3,4,4,5,4,1,1,3,1,5,3,5,2,1,4,1,1,1,5,4,4,4.6,3.1,3.1,2.5,30,1,80
2,4,4,4,4,5,5,3,2,3,1,4,4,3,3,2,2,4,3,2,4,2,3,2,2,4,1,4,2,4,4,4,4,3.6,3,3.1,26,1,75
1,3,4,2,5,5,3,1,1,2,2,3,5,3,3,3,1,2,3,1,5,3,4,1,1,3,1,3,1,4,4,2,5,3.1,3,2,27,2,100
3,4,3,2,5,5,4,1,2,5,3,4,3,5,4,5,2,5,3,1,5,2,3,2,2,5,3,1,3,5,4,3,3.9,4.5,3.4,2.4,21,2,80
1,4,2,3,4,5,2,3,3,4,4,4,5,3,1,2,3,3,5,2,4,3,3,2,1,4,2,3,2,5,1,2,4.1,3.9,2.5,2.6,26,1,85
3,5,2,2,3,4,3,2,2,3,2,3,3,4,3,3,1,3,2,2,5,2,3,2,2,4,2,2,3,5,3,3,3.8,3.8,2.5,2.4,20,1,80
4,3,3,2,2,4,3,1,3,2,1,2,5,3,5,1,4,3,1,1,5,2,3,3,1,2,1,1,1,5,1,1,3.6,3,2.3,1.5,23,1,80
1,3,1,3,4,4,4,2,3,2,2,2,4,4,5,3,3,2,2,2,5,4,5,1,1,3,1,3,2,3,5,2,4.1,3.1,3.1,2.3,50,2,90
4,3,1,2,2,5,4,2,2,2,2,2,4,3,5,4,4,3,2,2,4,3,4,2,2,3,1,2,4,5,4,2,3,3.4,2.9,2.3,36,2,100
3,4,1,5,4,4,3,4,2,4,2,4,4,3,5,4,2,3,2,3,4,3,3,3,2,4,1,4,3,5,4,3,3.8,3.8,2.6,3.8,70,2,80
1,4,3,4,4,5,4,2,3,1,4,4,5,5,2,4,1,1,3,2,5,2,2,1,1,5,4,3,2,5,2,1,4.5,3.5,3,2.6,17,2,99
1,2,3,4,4,5,-1,3,3,3,2,4,5,4,4,3,1,3,2,2,5,3,4,4,1,4,1,4,2,3,4,3,4.5,3.4,2.5,3.4,16,2,95
4,2,1,1,1,4,2,1,5,1,4,1,1,1,3,5,5,1,2,1,1,5,5,2,5,2,1,1,3,3,3,1,1.4,2.4,2.6,1.6,39,1,87
3,3,2,3,2,3,4,1,3,2,1,2,4,4,4,3,3,3,1,1,4,3,3,2,2,3,1,1,2,4,2,3,3.4,3.1,2.3,2,61,2,73
4,4,3,3,4,2,2,4,2,3,4,4,2,4,4,2,3,4,4,4,3,2,4,4,3,2,4,4,2,2,3,4,3.1,2.9,3.5,3.6,18,2,75
3,4,1,3,2,4,5,1,3,4,1,2,3,4,5,3,3,4,1,1,4,2,3,4,2,4,1,2,5,4,5,2,2.9,3.8,2.8,2.3,44,2,70
3,1,2,2,4,4,4,1,4,1,2,2,4,2,4,4,2,1,4,1,4,4,3,2,2,2,2,2,3,3,5,2,3.5,2.3,3.3,2,29,1,80
2,3,4,5,3,4,4,5,4,3,2,4,5,4,2,1,2,3,4,5,5,2,4,5,1,4,1,3,4,5,4,5,3.8,3.5,3.1,4.1,16,1,83
3,3,2,3,1,2,3,2,4,2,3,3,4,2,4,3,3,2,2,2,3,4,2,3,2,2,1,2,5,3,1,3,2.6,2.5,2.3,2.6,17,2,77
1,5,4,4,4,5,3,4,2,5,5,5,5,5,2,1,1,5,5,4,5,2,1,5,1,5,5,5,2,5,1,4,4.6,4.6,3.3,4,69,1,98
3,4,3,2,4,4,4,3,2,1,3,3,5,3,2,4,2,2,2,1,4,2,2,2,1,3,2,4,2,4,4,2,4.1,2.9,2.8,2.6,20,2,90
3,2,3,4,4,4,3,2,2,1,2,3,3,2,4,4,2,1,4,1,5,3,1,2,2,1,1,1,2,4,4,3,3.9,2.3,2.8,2.5,22,1,85
1,5,4,2,4,4,3,3,2,4,2,4,5,5,1,1,1,4,4,4,4,2,2,3,1,5,4,2,1,5,3,4,4.6,4.3,2.9,2.9,38,2,90
1,5,4,4,3,5,3,2,3,4,5,2,5,5,4,4,1,5,5,1,5,1,2,3,1,4,1,5,4,5,1,3,4.1,4.3,3.1,3,16,1,90
3,1,2,2,2,4,2,1,3,1,2,3,2,2,4,3,2,1,5,2,3,5,3,3,3,3,1,3,4,5,3,2,2.8,2.8,2.8,2.4,24,1,90
1,4,4,2,4,5,4,2,4,2,2,1,5,5,2,5,2,3,4,1,5,2,2,1,1,4,4,4,1,5,2,3,4.4,3.8,3,2.4,26,1,85
1,3,4,3,5,5,4,1,1,3,2,4,5,5,2,4,1,3,4,1,5,4,3,1,1,3,2,4,1,3,4,2,5,3.6,3.1,2.5,27,1,100
2,5,3,2,3,3,5,1,4,2,1,1,5,4,4,4,2,4,2,1,5,2,4,2,1,3,1,1,3,5,4,3,3.9,3.5,3,1.9,23,1,100
3,3,4,4,4,5,4,2,2,2,3,3,5,4,3,4,2,2,4,2,5,4,3,2,1,4,2,2,3,5,4,3,4.1,3.6,3.4,2.8,22,1,80
2,3,3,3,3,5,4,3,4,3,2,3,5,4,5,3,3,2,4,3,4,3,3,2,2,5,1,5,3,5,1,3,3.5,3.8,2.9,3.1,20,2,70
3,1,4,3,3,4,2,2,1,3,2,1,5,2,3,4,3,1,4,1,4,4,2,2,1,3,1,4,3,4,2,2,3.9,2.8,2.5,2.4,26,1,50
3,-1,4,2,3,3,3,4,5,1,2,4,4,3,-1,4,4,1,3,5,4,5,4,1,2,1,4,2,4,5,3,1,2.9,2.4,2.9,2.9,16,1,80
2,1,2,3,3,5,1,1,5,2,5,2,5,5,4,2,3,1,5,1,2,4,5,4,1,4,1,3,4,5,2,1,3.1,3.4,3.1,2.1,14,2,90
4,4,3,1,3,5,1,1,5,1,5,1,5,3,1,5,1,5,4,1,5,1,1,1,1,5,4,5,1,5,1,1,3.9,3.6,2.5,2,20,2,70
2,2,3,3,3,4,3,2,3,2,4,3,4,3,4,3,1,3,2,2,4,4,3,3,1,3,3,3,2,3,3,4,4,3,3.1,2.9,23,1,70
2,4,2,3,5,5,4,4,1,3,2,4,5,3,3,2,2,5,4,3,5,2,1,3,1,4,2,4,2,4,2,3,4.6,3.8,2.5,3.3,40,1,75
2,5,3,2,5,5,3,1,2,3,2,2,5,5,1,5,1,5,4,1,5,1,2,2,1,4,2,2,1,5,4,2,4.8,4.1,2.6,2.1,22,1,95
3,3,3,2,3,4,4,2,2,3,3,3,4,3,3,2,2,2,3,2,4,3,3,2,2,4,3,2,3,4,3,3,3.6,3.3,3.1,2.3,62,1,60
1,4,4,4,5,4,2,4,2,5,5,2,5,3,5,4,1,3,4,2,5,2,2,1,1,4,2,2,1,5,2,3,4.9,3.8,3.3,2.8,51,2,88
5,4,4,4,4,5,5,5,2,5,1,3,5,5,4,3,1,4,3,3,5,4,2,1,1,5,4,4,1,5,2,2,4.3,4.6,3.1,3.1,35,1,90
1,4,3,5,5,5,4,5,1,3,3,4,5,3,2,1,1,3,3,4,5,4,3,3,1,3,1,5,1,3,1,5,5,3.5,2.5,4,22,2,85
4,1,5,4,5,3,1,1,5,1,5,5,1,1,1,1,-1,1,5,1,1,5,3,1,5,1,4,5,1,5,3,3,2.8,2.3,3.4,2.6,20,1,100
2,2,3,2,4,4,4,1,2,3,4,1,5,2,3,4,2,3,4,1,5,2,4,1,1,3,3,2,1,3,3,1,4.5,2.8,3.5,1.6,25,1,75
1,4,2,5,5,5,4,5,1,4,2,4,5,5,4,2,1,4,5,5,5,1,1,3,1,4,2,5,1,5,4,3,5,4,3,4,30,1,95
1,4,1,4,4,4,5,2,2,2,2,4,5,1,5,4,2,2,2,3,5,5,5,5,2,2,1,4,4,4,4,3,4.1,3,3.1,3.6,46,1,90
1,5,2,3,4,4,5,3,4,4,2,4,5,5,5,2,3,4,5,2,-1,5,5,1,1,5,2,2,1,3,2,4,3.6,4.4,3.5,2.6,46,1,90
3,2,3,2,4,4,3,2,2,4,3,3,3,3,3,3,3,3,3,3,3,3,3,3,3,3,3,3,3,3,3,3,3.3,3.1,3,2.8,17,2,100
2,4,2,4,5,5,3,2,2,3,2,3,5,4,2,3,1,2,2,1,5,2,2,3,1,3,2,4,1,5,2,3,4.8,3.5,2.1,2.9,30,1,75
2,4,3,3,3,4,4,4,5,2,3,3,5,2,2,2,1,2,3,3,4,1,2,2,1,4,2,4,4,4,1,3,3.6,2.9,2.5,3,22,2,85
3,4,4,4,4,4,3,4,2,2,2,4,5,3,5,3,1,3,4,2,2,4,4,2,1,3,1,5,3,2,1,5,3.9,3.1,3,3.6,22,2,100
3,3,4,2,5,2,4,2,4,1,4,2,4,1,3,4,2,1,4,1,2,1,4,1,2,2,1,3,1,2,2,1,3.6,1.6,3.3,2,14,1,95
3,3,4,4,2,3,2,3,3,2,2,4,2,2,2,2,3,2,4,4,4,2,3,2,4,2,4,2,3,2,2,3,2.8,2.3,2.9,3,40,2,70
1,5,4,3,3,4,4,4,3,2,4,4,5,5,3,4,4,2,1,1,4,4,3,2,1,5,5,1,1,2,4,4,4,3.6,3.5,2.9,29,2,80
2,4,3,3,4,4,4,1,2,2,1,1,5,4,2,5,1,3,3,1,5,4,2,3,1,2,1,1,3,5,4,3,4.4,3.5,2.5,2.3,20,1,95
3,3,4,3,3,2,3,2,3,2,1,4,5,2,3,3,2,2,1,2,5,4,3,2,1,2,3,3,4,3,3,3,3.8,2.5,2.6,2.8,17,1,75
2,3,4,3,3,4,3,2,2,2,3,2,5,3,4,4,2,2,2,2,5,4,3,4,1,2,2,4,3,4,3,2,4.1,3,3,2.9,18,2,9
3,3,5,1,3,5,4,1,2,4,1,4,5,5,5,5,2,1,2,1,5,5,5,5,1,4,1,4,3,2,1,1,4,3.6,3,2.8,18,1,95
1,4,3,5,5,5,3,5,2,3,2,4,5,5,1,1,1,3,5,4,5,1,1,3,1,4,5,4,3,5,1,4,4.6,3.8,2.6,3.8,21,1,90
1,5,5,2,5,5,3,1,2,3,4,2,5,4,2,4,1,3,5,1,5,4,2,2,2,3,4,3,2,3,2,3,4.6,3.8,3.4,2.3,23,1,100
1,4,5,4,5,5,2,3,1,4,2,5,3,4,1,3,1,3,5,3,5,1,1,2,1,5,1,3,1,5,1,3,4.8,3.9,2.3,3.3,16,1,75
2,5,4,4,3,4,3,5,4,2,4,5,5,4,2,1,1,4,3,4,5,1,2,3,1,5,3,3,3,4,3,3,4,3.6,3,3.5,24,1,80
3,1,2,2,3,5,1,3,1,1,1,3,5,3,5,3,2,2,2,2,5,4,5,1,1,2,1,1,4,3,5,3,4,2.6,2.8,2.3,36,2,90
1,5,4,3,4,5,3,2,3,3,4,2,5,4,2,4,3,1,4,1,4,3,3,3,1,4,3,3,2,5,2,3,4.1,3.8,3.1,2.6,23,1,85
2,4,2,4,2,5,3,1,3,5,2,2,3,5,5,4,1,1,4,1,5,2,4,2,2,5,1,4,1,5,1,2,3.9,4,2.8,2.5,42,1,95
1,3,3,3,2,5,3,2,2,3,2,3,5,5,5,4,2,3,3,2,4,4,3,1,1,3,2,1,4,3,3,2,3.9,3.6,3,2.3,27,2,80
5,5,1,1,3,5,5,1,5,4,1,1,3,3,5,5,5,5,1,1,1,3,5,4,2,3,2,3,2,5,5,1,2.3,4.1,3.1,2.1,29,2,100
1,3,4,1,4,5,3,1,2,2,4,1,5,3,2,5,1,3,2,1,4,5,1,1,1,2,4,5,1,5,3,1,4.6,3.5,2.9,2,16,1,100
2,4,4,4,3,4,3,4,2,2,4,2,4,2,3,3,1,2,3,3,5,3,2,3,1,3,2,3,2,4,1,3,4.3,3,2.8,3.1,19,1,80
2,4,3,3,5,4,4,3,1,5,2,3,5,4,4,2,2,4,4,2,5,3,1,4,1,2,2,3,2,4,2,5,4.6,3.8,2.8,3.1,19,2,100
2,3,5,1,4,4,2,1,2,3,4,1,5,4,1,5,1,3,3,1,4,2,1,2,1,3,5,3,1,5,1,1,4.5,3.4,2.8,1.9,26,1,85
4,3,3,4,2,4,4,2,3,2,3,3,5,3,2,4,3,2,3,2,4,4,2,1,1,2,2,2,4,3,2,2,3.3,2.9,2.6,2.5,18,1,80
5,3,4,4,4,-1,3,4,4,3,5,4,5,4,4,3,3,4,5,3,5,3,4,4,3,5,4,4,4,4,4,5,3.1,3.3,4.1,3.9,24,2,98
5,3,4,3,5,5,4,3,2,4,2,4,5,3,3,3,1,5,4,2,5,4,3,2,1,3,4,5,2,5,2,3,4.3,4,3.3,3.1,23,1,90
2,2,4,3,1,2,3,1,5,1,3,1,5,2,2,5,4,1,4,2,4,4,1,1,1,3,4,2,4,2,1,1,3,2.1,2.8,2,20,2,90
1,1,4,3,2,3,5,4,4,3,4,5,5,2,3,2,1,3,5,4,5,5,1,5,1,3,5,4,4,2,1,4,3.9,2.8,3.5,3.9,20,2,90
2,3,1,2,4,4,4,1,2,2,1,3,5,4,5,5,3,2,2,1,5,3,3,2,2,4,1,1,4,4,4,2,3.9,3.3,2.6,2.1,32,2,90
1,3,3,2,4,5,3,2,1,1,2,3,5,2,4,4,1,1,4,2,5,5,2,1,1,4,2,5,1,5,2,2,4.9,3.3,2.8,2.6,20,1,80
2,1,2,1,3,2,5,5,3,3,2,2,4,2,3,3,4,3,2,2,4,4,2,2,2,3,3,3,4,4,3,2,3.3,2.8,2.8,2.5,23,2,90
3,1,3,2,3,5,3,3,2,1,3,2,5,3,3,3,2,1,4,2,4,4,4,4,2,3,1,4,2,5,4,3,3.9,2.9,3.1,2.9,18,1,87
2,3,3,2,4,5,4,3,2,3,2,4,5,2,4,3,1,3,2,2,5,3,3,1,1,3,2,4,1,4,5,1,4.6,3.3,3.1,2.5,46,1,80
4,4,3,2,1,1,2,4,5,3,4,1,3,2,2,4,5,4,2,4,1,4,3,1,2,4,2,3,2,5,2,2,2.1,3.4,2.5,2.6,18,1,85
4,4,1,1,4,4,2,3,2,3,5,5,4,3,1,1,2,2,2,3,5,1,1,3,2,4,1,4,2,5,1,3,3.9,3.3,1.8,2.9,33,1,95
2,4,4,3,5,4,3,4,5,4,4,2,4,4,3,3,1,4,5,2,5,4,2,4,2,4,2,4,2,5,3,3,4,4.1,3.3,3.1,20,1,80
2,3,3,3,4,5,4,2,2,3,3,1,4,3,5,4,3,4,2,1,5,3,4,1,2,3,2,3,3,5,5,2,3.9,3.6,3.5,2.1,26,2,86
1,5,2,2,4,5,4,2,1,4,3,1,5,4,3,4,1,4,5,2,5,2,2,2,1,4,4,3,2,5,2,3,4.8,4.1,3.1,2.4,22,2,88
2,5,4,3,4,4,1,2,2,4,3,3,5,3,1,1,1,4,4,1,4,3,2,2,2,3,3,3,2,4,2,2,4.3,3.8,2.5,2.1,22,1,90
2,4,2,5,2,4,3,4,3,4,1,3,4,1,4,3,2,4,1,4,4,4,3,4,2,4,2,5,3,4,5,4,3.5,3.6,2.6,4,16,2,100
2,4,4,1,4,4,1,4,1,4,4,4,4,3,1,1,1,4,4,4,4,2,2,2,2,4,4,4,1,4,1,2,4.4,3.6,2.6,2.8,32,1,100
5,1,5,1,3,5,5,5,1,5,1,5,3,5,5,3,1,5,3,5,5,5,1,5,1,5,1,3,5,5,5,5,3.5,4.5,3.3,4,26,1,100
2,4,4,3,4,5,3,2,4,5,4,3,3,5,2,3,3,3,5,2,4,3,3,2,3,4,5,4,3,5,1,3,3.3,4.3,3.4,2.8,44,1,95
2,3,2,3,3,3,3,2,2,3,3,3,4,2,4,4,2,2,3,2,4,3,2,1,1,2,3,1,2,4,2,2,4,2.8,2.8,2.3,25,2,90
1,3,3,3,4,4,2,3,2,3,2,3,5,5,3,3,1,2,4,2,5,3,2,2,1,3,5,5,2,5,1,2,4.6,3.5,2.8,2.9,16,1,85
3,2,5,2,2,3,2,2,4,2,4,1,4,2,1,4,4,2,3,1,2,2,1,1,3,2,5,3,3,3,1,3,2.6,2.3,2.8,2.1,15,2,50
1,3,4,3,1,5,2,3,1,3,5,5,-1,3,2,4,1,3,4,3,5,4,2,4,1,3,4,5,1,5,1,4,3.9,3.6,3,3.9,26,2,95
1,5,3,5,4,5,2,2,1,5,2,5,5,5,1,1,1,5,5,1,5,1,1,2,1,5,5,4,2,5,2,4,4.8,4.5,2.6,3,21,1,100
1,2,4,4,5,3,4,1,4,4,2,4,3,2,4,4,1,2,4,1,5,2,4,1,1,4,2,5,2,3,1,2,4.3,2.8,3.1,2.8,19,1,100
2,2,2,2,3,4,4,2,3,3,2,2,5,3,5,4,2,3,2,2,4,3,2,1,1,4,2,4,3,4,4,2,3.9,3.3,2.9,2.4,50,2,90
3,4,3,4,5,4,4,4,2,2,4,4,5,2,5,3,1,1,4,4,5,1,3,4,1,2,4,5,2,5,4,3,4.5,2.6,3.9,3.9,18,2,70
1,5,4,4,5,5,2,3,1,5,4,4,5,5,2,2,1,5,4,2,5,1,1,3,1,5,3,5,2,5,1,3,4.9,4.5,2.6,3.3,37,2,90
4,2,4,3,4,3,4,2,1,4,2,5,5,5,3,3,1,2,5,3,5,2,2,3,1,4,1,4,2,3,1,2,4.4,3.1,2.8,3.1,19,1,90
3,4,1,1,3,5,4,1,4,5,1,3,3,5,5,3,3,5,4,1,4,4,1,2,2,5,3,4,1,5,4,1,3.4,4.8,2.9,2,62,1,85
3,2,4,4,5,2,3,2,3,3,2,3,5,1,4,3,3,2,3,3,4,1,5,3,3,2,4,3,2,2,3,4,3.8,1.9,3.5,3.1,15,1,97
2,3,3,4,4,4,4,3,2,3,1,2,5,5,4,2,2,3,4,2,4,3,3,2,1,4,1,4,3,3,3,4,4.1,3.5,2.9,2.9,20,1,90
1,4,3,5,5,5,4,5,1,5,2,4,5,5,5,3,1,5,4,5,5,2,2,1,-1,4,2,5,5,5,2,3,4.6,4.4,3,3.9,22,1,99
2,4,3,3,4,4,3,2,4,3,2,3,4,3,5,3,2,4,3,2,4,2,3,3,2,4,5,3,3,4,3,3,3.6,3.5,3.4,2.8,45,1,100
2,2,3,3,3,4,4,3,4,3,2,2,4,3,5,4,4,3,3,4,4,4,2,3,1,4,1,2,3,4,4,4,3.4,3.4,3,3.1,19,2,60
2,4,2,2,3,4,5,1,4,1,1,2,4,5,5,5,2,4,1,1,4,1,4,1,2,1,1,3,3,5,5,1,3.5,3.1,3,2,35,2,100
4,1,3,2,1,3,1,1,4,1,1,3,2,2,4,-1,5,1,3,3,3,5,3,1,4,1,1,1,4,3,4,1,1.9,2.1,2.5,1.5,32,2,90
2,4,3,3,2,4,3,3,4,4,3,3,4,3,2,3,2,4,3,3,3,3,2,2,2,3,2,3,3,3,2,3,3.3,3.5,2.5,2.9,18,1,100
3,2,5,3,2,1,2,2,4,2,5,3,4,2,5,2,3,1,4,1,5,5,3,4,3,2,4,3,3,3,2,3,3.1,2.3,3.8,2.6,22,2,90
2,4,4,2,2,5,1,2,3,4,2,2,4,5,5,4,5,5,5,2,5,5,4,3,2,3,1,5,1,5,2,2,3.5,4.5,3,2.8,15,2,80
1,3,2,1,5,4,4,1,1,3,1,2,4,5,5,4,1,2,3,1,5,3,4,1,1,3,1,3,1,2,4,1,4.9,3.1,3,1.8,35,2,90
1,3,3,3,4,3,3,1,5,2,1,3,5,2,2,2,1,1,3,1,5,3,1,2,1,1,2,1,4,4,3,4,4,2.4,2.3,2.1,28,2,90
1,5,1,1,5,5,5,1,1,1,1,1,5,4,5,3,1,1,2,1,5,1,5,2,1,3,1,1,1,5,4,1,5,3.1,3,1.4,49,1,100
2,4,4,4,4,4,3,2,4,2,2,4,5,3,3,3,2,2,4,2,4,4,2,2,2,3,4,4,2,5,2,3,3.9,3.4,3,3,29,2,75
1,2,2,3,4,2,4,2,4,1,2,2,4,1,4,4,2,1,4,1,5,4,2,3,2,1,1,1,2,3,4,4,4,1.9,2.9,2.5,19,1,93
4,3,2,3,2,4,3,2,4,3,2,3,2,3,3,3,4,3,2,2,3,4,2,2,4,3,2,2,4,4,4,2,2.1,3.4,2.5,2.4,44,1,75
1,4,3,2,4,5,4,2,2,2,3,2,5,3,4,5,2,2,4,2,5,3,2,3,1,3,2,2,2,5,2,2,4.5,3.4,3,2.5,25,2,80
5,1,1,3,2,1,5,1,5,2,5,1,2,1,5,5,5,1,3,1,4,2,3,3,4,1,1,1,3,1,3,2,2,1.3,3.3,2.1,21,1,90
1,3,5,4,4,5,1,4,2,3,4,5,5,5,2,2,1,3,5,4,5,2,2,2,1,3,4,5,1,5,1,4,4.8,3.6,3,3.8,24,1,99
2,4,2,2,4,4,3,2,2,3,2,4,4,2,3,2,1,2,4,2,5,2,4,2,2,5,2,4,2,4,3,4,4.3,3.3,2.9,2.8,46,1,95
1,4,3,2,4,4,4,1,2,3,4,2,5,3,2,4,1,3,2,1,5,3,4,1,1,3,2,2,2,5,2,3,4.6,3.5,2.9,2,31,1,100
2,4,3,4,4,4,4,3,4,4,2,2,3,4,5,4,2,3,2,4,5,2,5,2,4,4,2,3,3,5,4,3,3.4,3.8,3.4,3.1,64,1,95
1,4,2,5,1,5,4,3,3,4,2,4,3,2,5,4,3,4,5,2,5,5,3,5,2,5,1,3,4,5,3,2,3.3,4.3,3.1,3.5,38,3,90
3,2,3,3,3,4,2,3,3,3,4,3,4,3,2,3,3,3,3,3,4,3,3,3,2,4,2,3,3,5,2,3,3.4,3.4,2.6,3,22,1,75
1,5,2,2,4,5,4,1,2,4,2,4,5,5,2,3,1,4,4,1,5,2,4,2,2,5,1,2,1,5,2,3,4.6,4.4,2.6,2.3,35,1,80
1,2,4,5,5,5,1,4,4,4,4,4,5,2,2,1,3,2,5,4,4,3,1,5,2,4,5,5,1,4,1,5,4.1,3.3,2.9,4.1,23,1,99
1,5,2,2,4,5,3,2,3,3,4,2,5,4,4,2,2,4,3,2,4,3,4,2,1,3,1,2,2,4,4,1,4.3,3.9,3.1,1.9,30,2,100
1,5,5,1,5,5,2,4,1,3,5,4,5,5,1,1,1,3,5,4,5,2,1,4,1,2,5,3,1,5,1,5,5,3.8,3.1,3.3,21,1,100
2,4,3,4,4,3,4,2,2,4,3,4,4,5,4,2,1,4,5,4,5,1,4,4,1,4,2,4,1,4,2,4,4.5,3.6,3.4,3.5,26,2,93
1,1,2,4,4,4,1,3,1,4,4,4,2,1,1,2,1,4,5,2,4,5,3,3,1,3,5,4,1,2,1,2,4.4,3,2.8,3,18,1,80
2,4,4,3,4,5,3,4,2,4,4,4,4,4,2,1,1,4,3,3,4,3,2,1,2,5,1,4,1,5,2,4,4.3,4.3,2.6,3,36,1,91
2,3,3,4,3,4,2,4,2,3,4,4,4,3,3,2,2,3,4,4,4,4,3,3,2,3,4,4,2,4,2,3,3.9,3.4,3.1,3.5,34,1,100
1,4,4,4,3,5,3,2,3,3,2,2,5,4,4,4,3,2,3,1,4,3,2,2,1,3,3,2,2,3,2,3,4,3.4,2.9,2.5,20,1,75
5,4,4,4,4,5,5,4,2,4,2,5,5,2,1,2,2,2,3,4,5,1,2,2,1,3,2,4,3,4,3,3,3.9,3.1,2.8,3.5,25,1,90
4,5,5,5,3,5,1,2,3,3,5,-1,3,5,1,1,5,4,5,4,5,1,1,1,3,3,5,3,4,5,1,3,2.8,3.9,3,2.4,22,1,78
1,2,1,1,1,4,5,1,2,1,1,1,3,1,5,5,1,1,1,1,5,5,4,1,3,1,1,1,4,5,4,1,3.5,2.5,2.8,1.5,24,2,100
1,4,5,2,4,4,3,4,2,4,4,5,5,5,2,2,1,4,5,4,5,2,1,2,1,5,5,4,1,4,1,4,4.8,4,3.3,3.4,16,1,95
1,4,2,3,5,5,5,1,3,5,2,1,5,5,5,5,1,4,5,1,5,3,2,2,1,5,1,3,1,4,4,1,4.8,4.4,3.3,2.1,20,1,95
2,4,4,3,5,5,3,2,3,4,1,2,4,5,5,4,1,5,3,2,5,4,4,3,1,4,1,3,2,5,2,4,4.4,4.5,2.9,2.9,39,0,95
1,4,4,1,2,5,1,1,1,5,1,3,5,5,5,5,1,5,2,1,5,2,1,1,1,3,1,1,4,5,4,1,4.3,4.3,2.4,1.8,19,2,80
2,3,1,2,5,4,2,1,1,3,4,1,5,2,4,4,1,3,4,2,5,5,5,4,1,4,1,5,1,4,2,3,4.9,3.5,2.9,2.8,18,2,100
4,4,4,4,2,5,3,3,2,1,4,5,2,2,5,2,2,2,3,4,2,4,4,2,2,2,2,3,4,2,3,3,2.8,2.8,3.5,3.3,52,1,90
1,4,3,2,5,5,3,3,1,4,4,3,5,4,3,4,1,3,4,2,5,2,2,2,1,5,2,4,1,5,3,3,5,4,3,2.9,30,2,90
1,4,2,2,4,5,4,3,2,3,4,5,4,4,2,2,1,3,5,3,5,3,2,1,1,5,4,3,2,5,1,3,4.5,4,3,2.8,35,1,85
1,3,2,1,4,5,5,1,2,3,1,3,5,5,2,1,1,3,3,1,5,1,1,2,1,4,2,5,2,5,3,3,4.6,3.6,2.4,2.1,14,1,80
1,2,2,2,4,2,4,3,1,1,2,4,4,1,4,2,2,1,4,2,4,5,3,2,2,2,2,4,2,1,3,3,4.3,1.9,3,2.8,37,2,75
1,3,3,4,4,4,4,3,1,3,1,3,5,5,5,3,1,3,3,2,5,2,3,3,1,5,1,2,1,4,3,4,4.9,3.6,2.9,3,54,2,80
3,3,1,2,2,4,3,3,2,4,3,4,5,5,3,3,2,2,2,2,3,4,2,2,2,3,1,1,4,5,3,3,3.4,3.8,2.3,2.5,17,2,80
3,3,1,2,3,4,2,1,3,3,1,2,3,3,2,4,2,2,1,2,4,3,3,1,3,4,4,2,2,5,3,2,3.4,3.4,2.1,2,22,1,91
1,4,4,3,4,5,4,5,2,4,4,5,5,2,3,2,2,4,5,4,4,1,1,2,-1,5,4,4,1,5,1,3,4.6,3.8,3.3,3.5,19,2,70
2,5,1,1,2,2,2,2,5,2,2,2,5,2,5,1,4,4,4,1,4,4,4,2,2,2,3,1,2,4,2,1,3.3,3.1,2.9,1.4,22,2,90
1,5,3,2,4,3,3,2,2,2,1,5,5,2,5,3,1,2,5,2,5,4,3,2,1,2,2,3,2,2,1,2,4.6,2.8,2.9,2.6,21,2,80
1,4,3,4,5,5,3,2,1,3,1,4,5,5,2,3,1,4,3,3,5,2,2,1,1,4,1,1,1,5,4,2,5,4,2.4,2.5,16,1,75
2,3,3,1,4,4,3,1,4,4,3,2,5,4,4,4,1,3,3,1,5,3,2,1,1,4,2,3,1,3,2,1,4.4,3.5,2.8,1.8,25,1,95
2,1,3,4,2,4,3,1,4,2,3,3,4,2,4,3,4,1,4,3,2,2,5,3,2,3,2,5,3,5,2,4,2.9,2.5,3.3,3.3,18,1,60
4,2,1,1,2,5,4,1,4,1,3,2,4,1,5,5,5,2,2,1,3,5,5,1,2,4,1,1,1,4,5,1,2.9,3,3.3,1.6,28,1,95
2,3,1,5,4,4,4,3,1,4,1,4,5,2,5,2,1,4,2,2,5,2,4,3,1,4,1,5,2,4,5,3,4.6,3.4,2.9,3.4,24,2,99
4,4,2,4,3,4,4,4,2,4,2,4,4,4,5,5,1,4,2,2,5,2,5,2,2,4,1,2,2,4,4,4,3.9,3.8,3.1,3.4,68,2,90
1,5,3,1,4,5,3,1,3,5,2,1,5,5,2,1,2,5,4,1,5,2,3,1,1,5,1,2,1,5,3,2,4.5,4.6,2.6,1.3,35,1,90
3,3,2,3,3,5,5,3,2,3,4,3,4,2,5,3,2,3,4,3,4,3,1,1,3,2,1,1,1,4,4,2,3.8,3.1,3.3,2.4,40,2,90
2,3,4,4,4,5,4,1,2,2,4,3,5,4,3,2,1,3,4,1,5,2,2,2,1,4,1,3,5,4,2,4,4.1,3.4,3,2.5,48,1,100
5,5,1,1,1,4,4,1,5,4,4,1,1,4,5,5,5,4,1,1,1,4,4,1,1,4,1,4,5,3,4,1,1.5,4,3,1.9,21,1,100
2,3,2,5,4,3,3,4,4,3,2,4,5,4,5,2,2,3,2,4,5,4,4,3,4,3,2,4,3,4,4,4,3.6,3.4,3,3.8,33,2,70
1,5,5,1,4,5,4,1,2,5,5,1,5,1,4,5,-1,5,5,1,5,1,3,1,1,5,1,4,1,5,4,1,4.9,4,3.9,1.9,26,2,99
1,3,1,3,4,4,5,2,3,3,2,2,5,3,5,1,1,3,2,2,5,4,5,2,1,4,1,3,1,4,4,3,4.6,3.5,3.1,2.3,19,1,80
1,4,1,1,5,4,5,2,4,4,2,1,5,4,5,4,1,4,1,1,5,3,5,1,1,4,1,4,1,5,5,2,4.6,4,3.1,2,19,1,80
2,3,1,3,4,4,5,2,2,2,1,1,5,3,4,4,1,1,3,1,5,2,4,1,1,3,1,3,1,3,4,1,4.6,2.6,2.9,2,22,2,90
1,3,5,4,5,5,3,1,2,2,5,4,5,2,1,4,1,4,5,2,5,4,1,3,1,4,1,1,1,4,1,4,4.9,3.5,2.8,2.9,16,2,98
3,2,1,4,4,4,3,4,2,2,3,5,4,3,2,2,2,2,4,4,4,3,2,4,2,3,2,3,4,4,3,3,3.6,2.9,2.5,3.6,60,1,70
2,5,3,5,3,5,1,4,3,2,5,3,5,2,2,2,2,4,5,2,4,2,3,3,2,3,2,5,3,4,1,4,3.8,3.4,2.8,3.5,23,2,95
5,5,3,4,4,5,3,2,3,4,4,4,5,5,2,2,1,3,5,2,4,2,1,3,1,3,2,4,3,5,2,3,3.8,4,2.8,3,15,2,85
2,3,2,1,3,4,4,1,3,3,3,1,4,3,5,4,3,2,2,1,4,4,4,2,2,3,1,2,2,4,4,1,3.6,3.3,3.1,1.6,39,2,95
2,3,1,4,3,4,5,3,4,3,1,3,3,3,5,4,2,3,1,1,4,2,5,2,2,4,1,4,2,3,5,4,3.5,3.1,3,3.1,43,2,90
1,4,5,3,5,3,4,4,2,2,3,5,5,5,3,4,1,1,2,3,5,4,2,1,1,5,4,2,1,4,4,2,4.9,3.5,3.4,3,19,1,90
3,4,3,4,1,3,2,4,5,2,2,4,3,2,2,2,3,4,2,3,3,4,3,3,3,-1,3,4,5,4,3,4,2.3,2.9,2.5,3.5,17,1,87
1,4,2,2,4,4,2,4,4,3,2,5,5,4,3,2,2,3,4,4,5,2,1,2,1,5,2,3,2,4,2,2,4.3,3.6,2.3,3,17,1,98
2,2,3,3,2,4,4,1,2,2,2,2,5,3,2,5,3,2,3,1,3,3,1,3,1,2,2,1,3,4,3,3,3.6,2.8,2.5,2.4,19,2,80
2,3,4,3,4,3,4,4,3,2,2,2,5,4,3,3,2,2,1,1,5,2,2,2,1,4,2,3,2,4,3,3,4.3,3,2.6,2.6,41,1,70
2,2,4,5,3,5,2,5,3,2,3,5,4,2,2,2,3,2,5,5,4,5,2,4,2,2,5,5,2,2,2,5,3.6,2.8,3.1,4.5,22,1,90
1,3,3,2,3,4,4,2,2,3,3,4,5,3,3,3,1,3,2,1,5,3,4,2,1,4,2,4,2,3,3,2,4.5,3.3,3,2.5,40,1,80
1,4,3,2,4,2,4,1,1,3,1,5,5,4,4,2,2,3,3,1,4,2,5,4,2,4,1,1,2,4,5,3,4.4,3.3,3.3,2.4,52,2,90
1,3,1,3,5,5,5,1,1,3,2,1,4,3,5,5,2,3,2,1,4,4,3,1,1,3,1,1,1,5,4,1,4.6,3.6,2.9,1.8,27,2,95
2,3,2,4,4,4,3,3,2,5,3,4,5,3,4,4,2,4,4,2,5,3,4,3,1,4,1,4,1,4,3,4,4.5,3.8,3,3.5,32,1,85
1,4,2,2,3,5,5,3,2,3,2,2,5,5,5,4,1,4,4,2,5,1,3,1,1,5,1,1,3,5,4,2,4.4,4,3.3,2.1,22,2,90
4,4,1,1,2,4,5,1,4,5,1,2,5,3,5,3,2,4,1,1,4,3,3,3,2,4,1,1,2,4,4,3,3.4,3.9,2.6,1.9,21,2,90
2,3,1,3,4,4,1,4,2,3,2,4,5,3,5,2,2,3,2,4,5,2,5,3,1,4,1,3,1,5,2,2,4.5,3.4,2.4,3.1,27,3,72
1,3,3,4,4,5,1,1,2,3,2,2,5,4,1,4,1,2,3,1,5,3,4,2,1,3,4,4,1,5,1,1,4.8,3.5,2.4,2.4,18,1,100
1,5,4,5,5,5,1,5,1,1,4,4,5,5,1,1,1,1,5,1,5,4,1,1,1,4,5,2,1,5,1,5,5,3.8,2.8,3,49,1,95
1,4,3,2,4,4,4,2,3,4,2,3,5,4,3,4,1,3,4,1,5,2,2,2,1,4,3,3,2,4,2,3,4.5,3.6,2.9,2.5,41,1,99
2,3,4,1,4,5,4,2,4,2,1,3,5,2,3,3,2,2,2,2,5,2,2,1,1,2,3,1,1,5,5,2,4.3,2.9,3,1.9,27,1,80
3,4,3,2,2,4,3,1,3,2,2,2,2,2,5,4,3,3,1,1,4,2,2,2,3,2,1,1,3,5,3,1,2.9,3,2.5,1.8,30,2,80
2,5,2,3,5,5,5,3,1,3,1,3,5,5,5,2,1,2,2,1,5,4,2,1,1,5,1,3,1,5,5,1,4.9,4.3,2.9,2.1,53,2,90
1,2,3,2,4,4,4,4,2,3,4,3,5,4,5,4,1,3,4,1,4,1,3,2,1,2,1,3,2,3,4,3,4.5,2.8,3.5,2.8,23,1,89
1,4,1,3,4,4,5,3,2,3,2,3,5,2,5,2,1,3,2,2,5,1,5,4,1,3,1,3,1,5,3,4,4.8,3.1,3,3,53,2,95
2,3,4,4,4,5,3,3,3,1,4,3,4,3,2,1,1,3,5,4,4,3,2,4,1,2,4,5,3,5,1,4,4,3.1,3.1,3.5,21,2,100
2,4,3,2,3,4,4,2,3,4,2,2,4,3,3,3,3,3,2,2,4,1,2,2,2,3,2,2,3,4,4,3,3.5,3.3,2.8,2.3,26,2,90
1,5,3,5,4,5,1,5,1,5,4,5,5,5,3,5,1,5,4,5,5,1,3,1,1,5,1,5,1,5,1,5,4.9,4.5,2.5,4.5,38,1,100
1,5,4,4,4,5,3,4,1,4,2,4,5,3,3,2,1,4,5,4,5,3,3,2,1,4,2,4,1,4,4,4,4.9,4,3.3,3.5,26,1,100
1,5,4,5,5,5,3,2,1,5,5,3,5,5,1,1,1,5,5,2,5,2,2,3,5,5,2,5,1,5,1,2,4.5,4.6,2.9,2.9,25,1,99
1,5,2,4,5,5,4,2,1,5,2,4,5,4,5,4,1,1,3,1,5,2,4,3,1,4,1,3,1,5,4,4,5,3.9,3.1,3.1,34,1,85
2,2,4,4,4,4,2,4,2,4,4,4,4,4,5,2,2,2,4,3,3,2,3,4,2,4,3,4,4,4,2,4,3.6,3.3,3.4,3.6,21,2,88
3,2,4,2,1,4,3,2,1,1,1,1,4,1,5,5,4,3,2,1,5,2,1,5,1,4,2,2,5,1,1,1,3.3,2.3,2.4,2.4,19,2,80
4,5,3,3,4,5,2,4,5,3,2,5,5,1,3,3,5,3,5,2,5,5,3,4,1,4,2,5,5,4,1,2,3,3.8,2.6,3.5,20,3,90
2,4,2,2,4,5,4,1,3,2,1,4,4,5,5,1,4,2,1,1,4,1,5,1,2,5,1,1,2,5,5,1,3.6,3.6,3,1.5,53,2,80
1,4,2,2,4,5,5,2,2,4,2,3,5,4,5,5,1,4,4,1,5,2,3,1,1,5,1,4,1,5,2,2,4.8,4.1,3,2.5,54,1,95
2,3,4,3,5,2,3,2,3,3,2,3,5,4,4,3,1,2,3,2,5,3,2,2,2,4,2,3,2,4,4,2,4.4,3.1,3,2.5,32,1,85
1,5,3,5,5,5,3,5,1,4,5,3,5,5,-1,1,1,5,5,3,5,3,2,4,1,5,2,5,3,5,3,3,4.8,4.6,2.9,3.6,33,1,99
2,4,4,4,4,4,3,3,3,4,2,3,4,3,3,2,2,3,4,3,5,3,3,2,2,4,2,4,3,4,3,4,3.9,3.6,3,3.1,15,1,80
1,3,5,4,5,3,1,3,1,3,2,4,5,1,3,1,1,3,3,2,5,2,2,5,1,5,1,4,2,1,2,5,4.9,2.6,2.4,3.5,19,1,90
1,3,2,2,3,4,5,2,5,4,2,2,5,4,4,4,2,4,2,2,5,2,3,2,1,4,3,4,2,3,3,2,4,3.5,3,2.5,18,2,80
2,2,2,4,3,3,5,2,2,4,4,4,4,3,5,2,2,2,1,2,4,4,3,4,1,3,1,1,4,3,4,2,3.8,3,3.1,2.6,51,2,90
1,3,4,4,4,5,2,4,2,3,4,3,4,2,2,2,2,3,4,2,5,3,2,3,2,4,4,5,3,4,1,3,4.1,3.4,2.9,3.3,41,1,100
1,4,3,3,5,5,3,3,1,3,3,3,5,5,2,3,1,4,5,3,5,2,2,2,1,5,4,2,5,5,3,2,4.5,4.1,3.1,2.6,43,2,80
1,4,4,4,4,5,3,4,2,2,2,4,5,3,4,2,1,2,5,3,5,4,1,3,1,3,2,5,2,3,2,4,4.6,3.3,2.9,3.6,23,2,95
2,3,3,3,4,5,4,2,3,2,3,3,5,4,4,4,1,3,4,1,5,1,3,2,1,3,2,3,2,5,3,3,4.4,3.3,3.3,2.6,44,1,75
2,4,3,3,4,5,4,3,2,3,3,2,4,3,3,3,1,2,4,3,5,2,3,2,2,4,1,2,1,3,4,3,4.4,3.3,3.1,2.6,27,1,90
2,4,4,2,3,4,3,2,2,3,4,2,4,5,3,4,2,4,4,2,4,4,3,2,2,4,4,3,2,4,3,2,3.9,4,3.5,2.4,17,1,100
2,1,5,1,3,4,1,2,2,1,2,4,5,2,5,3,1,2,4,2,5,5,3,1,1,1,5,2,1,2,2,1,4.5,2.3,3.4,2,16,1,90
2,4,2,2,4,3,2,3,2,3,4,3,4,4,2,2,2,3,4,2,4,1,4,1,1,3,1,4,2,2,1,3,4.1,2.9,2.5,2.5,17,2,80
1,3,5,3,3,4,3,2,5,3,4,3,5,4,3,3,2,4,5,2,5,3,1,3,1,4,3,5,4,4,1,4,3.8,3.6,3.1,3.1,17,2,90
3,3,1,1,3,5,5,1,3,1,1,1,5,1,5,5,1,5,1,1,5,5,5,1,1,1,1,1,3,5,5,1,4,3.3,3,1.5,25,1,90
2,3,4,3,3,3,4,-1,1,2,1,3,5,2,3,1,1,2,3,2,5,5,2,1,1,2,1,3,1,3,1,4,4.6,2.8,2.4,2.1,20,2,70
3,1,4,3,3,4,3,4,1,1,1,3,5,3,4,2,2,1,1,2,4,5,2,1,1,3,3,5,2,2,4,4,4.1,2.5,2.8,3,27,1,100
5,1,1,1,3,3,5,1,3,1,1,1,1,1,5,3,5,1,3,1,4,5,5,3,5,1,1,1,5,3,5,3,1.9,2,3.3,1.8,64,1,95
2,3,5,3,4,5,1,3,2,3,4,4,5,3,1,2,2,2,1,3,3,4,2,3,1,4,1,4,1,4,1,3,4.3,3.5,2,3.1,23,1,80
1,4,2,2,4,4,5,1,3,4,1,3,5,4,4,1,2,3,3,1,4,2,1,1,1,4,1,3,4,4,3,3,4,3.6,2.5,1.9,64,1,90
2,3,1,1,4,5,1,1,5,3,2,2,5,3,5,5,2,3,3,1,5,3,5,1,1,5,1,3,2,5,5,1,4,3.8,2.9,1.9,38,2,90
2,5,4,1,4,5,2,1,2,5,4,1,5,3,5,3,1,3,5,1,5,1,3,1,1,5,1,4,1,5,2,2,4.6,4,3.3,1.8,29,2,100
3,2,1,3,4,5,3,2,5,1,3,5,5,3,5,3,4,3,3,1,5,1,4,4,3,4,1,5,4,3,3,5,3.1,2.8,2.9,3.5,21,1,85
1,5,4,3,3,4,3,3,3,3,4,5,5,5,2,5,1,5,3,3,5,4,3,4,1,4,2,2,3,5,3,4,4.3,4.4,3,3.6,16,1,90
3,2,2,3,4,5,3,2,5,1,2,4,5,3,4,2,3,2,4,1,4,3,3,1,1,1,1,1,3,3,1,1,3.5,2.5,2.5,1.9,16,1,91
1,5,2,3,4,5,5,3,2,3,2,3,5,4,5,4,4,4,2,3,5,3,4,1,1,4,1,3,3,5,5,3,4.1,4.1,3.3,2.9,58,2,95
4,5,5,2,3,5,4,2,3,5,4,4,4,3,3,5,2,3,4,3,4,1,2,1,2,5,1,3,5,5,4,2,3.1,4,3.4,2.8,19,1,90
2,2,1,2,2,2,5,2,4,3,2,3,2,2,5,4,4,2,2,1,4,4,4,1,2,4,1,1,4,3,4,3,2.8,2.8,3,2.1,31,2,75
1,4,4,3,4,5,3,3,3,3,2,3,5,4,2,2,1,2,4,3,5,3,3,2,1,4,2,3,2,4,1,2,4.5,3.6,2.6,2.6,27,1,80
1,4,4,4,4,5,4,2,3,4,1,5,5,5,5,5,2,4,4,1,5,1,3,3,1,5,1,3,1,5,5,5,4.5,4.1,3.4,3.5,40,2,100
1,3,4,3,4,4,3,2,2,2,4,3,5,5,1,3,3,1,4,1,5,4,2,3,1,5,3,4,1,3,1,4,4.5,3.4,2.8,2.9,18,1,79
4,3,2,2,5,3,2,2,3,2,4,2,4,4,1,3,2,2,2,2,4,2,4,2,2,3,2,2,4,4,1,3,3.5,2.9,2.3,2.3,24,1,80
1,2,3,1,5,5,5,4,5,3,3,2,5,4,5,2,1,3,4,2,5,3,2,3,1,5,4,2,1,5,2,4,4.5,3.8,3.5,2.5,23,1,100
2,5,4,2,3,5,2,1,2,3,2,4,5,4,5,4,1,3,2,1,5,3,3,2,3,3,1,5,2,2,4,2,4.1,3.5,2.9,2.6,16,2,85
4,3,3,2,2,4,2,2,4,2,3,2,3,2,3,4,3,3,2,2,4,4,3,2,3,4,1,2,4,4,3,2,2.6,3.3,2.5,2.3,20,1,90
1,2,3,3,5,5,3,1,1,2,1,2,1,1,4,2,5,3,1,1,1,3,3,3,1,5,1,3,2,1,3,2,3.4,2.8,2.4,2.1,24,2,98
2,3,2,3,4,5,4,2,5,1,2,3,4,2,4,4,1,1,3,2,5,4,1,2,2,3,2,1,3,5,4,3,3.8,3,2.8,2.5,28,1,90
1,4,2,2,5,4,3,1,2,2,4,1,5,3,4,5,1,1,4,1,5,3,4,1,1,4,2,1,1,3,1,1,4.9,3,3,1.6,16,2,90
2,3,4,3,2,4,4,2,3,1,1,4,5,2,3,2,2,2,2,2,4,4,4,3,1,1,4,4,4,2,5,5,3.6,2.4,3.4,3.1,20,1,85
4,5,3,4,4,5,2,2,1,4,3,4,5,5,3,3,1,4,4,3,5,1,2,2,1,5,1,4,2,3,4,3,4.4,4,2.8,3.1,19,2,80
2,2,4,4,3,3,3,2,2,3,2,1,4,2,3,3,2,2,3,2,-1,2,3,2,2,2,1,1,2,2,4,3,3.4,2.3,2.9,2.3,18,2,90
1,2,3,2,4,5,3,2,5,1,4,3,4,4,2,3,2,1,4,2,5,4,2,2,2,5,3,4,1,4,2,2,4,3.3,2.9,2.5,22,1,85
4,3,1,2,4,4,5,1,2,2,2,3,4,3,2,4,2,2,1,1,4,2,5,1,2,4,4,5,2,3,4,1,3.8,2.9,3,2.3,18,2,80
4,3,1,3,3,4,3,2,-1,2,4,1,3,1,5,4,4,3,4,2,3,4,5,3,2,4,2,3,3,5,4,3,3.3,3.3,3.5,2.6,43,1,85
2,4,3,3,3,3,3,3,2,2,2,3,4,2,3,3,2,2,3,2,4,3,2,3,2,2,3,2,3,2,3,3,3.8,2.5,2.8,2.8,27,2,90
3,2,1,3,3,4,3,4,4,4,2,4,3,3,5,2,2,2,1,3,4,5,5,2,1,5,1,3,5,5,5,4,3.1,3.8,2.9,3.1,31,2,95
2,2,4,3,4,5,4,2,5,4,5,3,5,5,2,3,2,3,4,2,5,4,1,3,1,5,2,4,1,3,2,4,4.1,3.9,3,3,17,1,80
2,3,3,2,3,4,5,2,2,2,1,2,5,4,5,5,3,3,2,2,4,3,2,2,1,4,1,2,3,5,3,2,3.9,3.5,2.8,2.4,25,2,90
4,3,4,3,2,2,1,2,3,1,2,3,4,1,4,4,3,1,3,1,4,4,2,3,3,3,2,2,4,3,2,3,2.9,2.3,2.5,2.6,34,1,85
2,3,4,2,4,4,3,4,3,3,4,2,4,4,3,2,2,2,3,2,4,3,3,2,2,3,4,4,2,4,3,2,3.9,3.3,3.4,2.5,18,1,99
2,4,4,2,4,5,2,2,1,4,4,4,5,4,3,2,1,3,4,2,5,2,3,3,1,5,2,2,2,4,1,4,4.6,3.9,2.9,2.6,27,1,100
2,3,3,2,4,4,2,2,2,4,3,3,4,4,2,4,2,4,4,2,3,2,2,1,1,4,3,3,3,4,2,3,3.9,3.6,2.6,2.5,34,1,60
3,2,2,2,2,4,4,3,2,1,1,2,5,2,5,3,3,1,2,2,4,3,2,1,2,1,1,3,3,3,3,2,3.5,2.1,2.5,2.3,19,2,65
5,3,3,2,4,5,3,3,3,3,5,2,5,5,2,3,1,2,3,2,4,3,2,2,1,3,3,3,1,5,2,3,4,3.6,2.9,2.5,30,1,60
3,3,1,3,3,1,3,1,4,4,4,1,5,1,3,5,2,2,3,1,5,4,4,4,2,2,1,4,2,5,3,3,3.8,2.8,2.8,2.8,30,1,100
2,2,2,2,3,4,4,3,2,4,3,4,4,5,4,2,3,2,2,2,4,4,2,1,2,4,1,3,3,5,4,2,3.6,3.8,2.8,2.4,29,2,75
4,4,4,3,4,5,3,2,4,4,4,3,4,4,4,4,4,4,3,2,4,4,3,2,2,4,2,4,2,4,3,4,3.3,4.1,3.3,3,21,1,60
2,3,4,3,4,5,4,2,1,3,1,4,5,2,4,3,1,2,3,1,5,5,4,2,2,3,1,2,1,5,2,3,4.6,3.5,2.9,2.5,20,2,56
2,3,2,2,3,3,4,1,2,2,2,3,5,3,4,4,1,1,2,1,5,3,1,2,2,3,1,1,3,2,4,2,4.1,2.5,2.5,2,25,2,80
1,4,5,4,4,5,3,5,5,5,2,5,5,4,5,3,2,3,1,1,5,1,5,5,1,5,1,5,5,5,5,5,3.8,4,3.4,4.1,21,2,70
1,2,2,5,4,4,2,3,1,1,2,4,4,2,2,3,1,1,4,4,4,4,4,4,2,2,2,1,1,2,1,2,4.5,2.3,2.4,3.3,32,1,90
3,1,1,1,3,4,3,1,5,2,1,3,3,2,3,5,4,1,1,1,2,5,5,1,4,1,1,1,5,3,3,1,2.1,2.4,2.3,1.8,23,1,100
1,2,4,3,4,5,4,4,1,2,1,3,5,3,4,3,1,2,4,2,5,4,3,1,1,5,1,2,1,4,2,1,4.9,3.4,2.9,2.4,27,1,66
1,3,1,1,1,1,5,3,4,4,4,4,4,5,5,5,1,2,4,4,5,1,5,4,4,4,4,4,4,1,1,5,3.3,2.6,3.6,3.8,44,1,100
1,4,3,3,4,5,4,3,4,3,2,3,5,4,4,3,2,3,5,2,4,4,3,3,2,4,1,3,3,4,2,3,3.9,3.9,3,2.9,23,1,80
2,3,4,4,3,3,2,3,3,2,2,4,4,3,3,2,2,2,2,4,4,3,2,3,2,3,3,3,5,3,4,3,3.4,2.8,2.8,3.3,19,2,80
1,3,4,4,3,5,5,3,1,2,2,4,5,3,5,2,1,2,4,3,5,5,3,3,1,3,3,5,2,3,5,4,4.6,3.3,3.9,3.5,18,1,100
2,4,3,3,3,4,3,3,2,3,2,3,4,4,4,3,2,3,2,2,4,2,3,2,1,3,2,3,2,4,2,3,4,3.4,2.6,2.8,26,1,75
4,3,2,2,2,2,4,1,5,1,1,1,2,1,4,5,4,2,2,1,3,-1,4,2,3,4,2,1,5,5,2,1,2,2.3,2.6,1.8,28,1,85
2,3,4,4,3,4,3,2,3,2,3,3,4,3,2,4,3,2,4,2,3,3,1,2,2,4,4,3,3,4,2,3,3.4,3.1,2.9,2.9,48,1,80
2,2,4,3,2,5,3,4,4,2,2,4,4,2,4,2,2,2,4,4,4,3,5,2,2,4,1,4,2,4,4,3,3.5,3,3.4,3.3,46,1,92
3,3,3,3,3,4,4,4,4,3,3,4,4,3,4,2,4,3,2,3,4,4,3,3,2,5,2,4,5,5,4,4,2.9,3.8,3.1,3.4,38,1,85
1,3,4,2,3,5,3,3,2,3,2,4,5,4,3,3,1,2,3,2,5,3,2,1,1,5,2,4,3,5,1,3,4.4,3.8,2.5,2.8,242,1,100
2,4,4,2,3,4,4,4,4,4,4,4,4,4,2,4,3,5,4,2,5,4,3,4,2,4,4,4,4,5,4,4,3.4,4.3,3.6,3.5,18,2,90
1,5,5,3,5,5,4,2,2,4,4,1,5,4,1,3,1,3,4,1,5,1,2,1,1,4,4,4,1,4,3,5,4.9,3.8,3.4,2.5,18,1,96
2,1,4,2,3,1,4,2,2,2,3,3,5,3,2,4,1,2,4,2,5,5,3,2,1,2,2,2,3,2,3,3,4.3,2.3,3.1,2.5,26,2,75
2,4,4,5,3,5,4,4,3,4,4,4,5,4,3,2,2,2,3,3,5,2,1,3,1,4,1,4,3,5,2,4,4,3.8,2.8,3.6,22,1,88
5,4,3,1,2,3,2,1,2,1,3,2,5,3,2,1,2,1,5,1,4,5,3,1,1,2,1,4,2,4,1,1,3.6,2.9,2.5,1.5,53,2,85
1,5,1,2,2,5,5,2,5,5,1,2,5,5,5,4,1,5,1,1,3,1,5,1,1,5,1,1,4,5,5,1,3.5,4.5,3,1.8,28,2,87
3,3,3,3,4,5,2,3,5,2,4,2,5,3,4,4,5,1,3,1,3,5,3,2,1,5,3,2,3,5,4,2,3.1,3.6,3.3,2.4,24,1,90
2,3,3,4,4,4,3,3,2,2,4,4,4,4,2,2,1,2,4,3,5,4,2,1,1,4,2,4,1,3,1,3,4.5,3.3,2.6,3,28,1,90
2,3,4,3,5,5,4,3,3,2,4,4,5,3,5,3,1,2,4,3,5,3,4,2,1,5,1,4,1,3,5,3,4.6,3.3,3.9,3.1,20,1,80
2,5,4,3,4,5,3,4,2,4,4,5,4,4,4,2,1,4,5,4,5,1,3,4,1,5,3,5,1,5,1,4,4.5,4.1,3.4,3.9,151,1,91
4,4,4,2,3,3,3,3,3,2,3,3,3,4,2,3,3,2,3,3,4,2,3,2,3,4,3,3,4,5,2,3,2.9,3.3,2.9,2.8,22,1,65
2,5,3,2,3,5,4,2,5,4,5,1,5,4,3,4,1,4,2,1,5,4,4,4,1,4,1,2,2,5,5,4,4,4.4,3.4,2.5,18,1,100
1,4,4,4,4,4,3,4,1,4,2,5,5,5,2,2,1,3,4,2,5,2,2,2,1,4,2,4,1,4,1,3,4.9,3.8,2.5,3.3,19,1,90
1,5,2,2,4,5,4,4,2,4,2,4,5,5,4,4,1,4,4,2,5,2,1,3,1,5,2,4,1,5,5,4,4.8,4.4,3,3.4,28,1,85
5,3,3,1,2,5,3,1,5,4,4,1,3,5,5,5,5,3,3,1,3,4,4,1,2,4,1,1,4,4,4,1,2.1,4,3.4,1.5,54,2,100
3,2,3,1,4,4,4,2,3,2,3,2,4,2,2,4,4,2,5,2,5,4,2,2,2,2,4,3,2,2,3,2,3.6,2.5,3.3,2.3,23,2,65
1,4,5,3,3,5,2,3,3,5,4,3,5,4,2,2,1,3,5,3,5,3,2,2,1,4,1,2,2,3,1,2,4.4,3.9,2.8,2.5,36,2,85
4,2,2,1,4,2,4,3,5,1,5,1,3,2,4,3,2,1,1,1,2,3,4,1,3,2,1,4,2,4,5,1,2.9,2.1,3.3,1.9,17,1,95
1,4,1,2,5,5,4,2,2,2,1,2,5,3,4,4,1,2,3,2,5,2,3,3,2,3,1,2,2,3,4,2,4.6,3,2.6,2.4,22,2,90
4,2,4,4,2,4,2,3,4,3,3,3,2,2,3,3,3,3,3,3,3,4,3,3,3,3,3,3,3,3,3,3,2.5,3,3,3.1,25,1,85
1,3,4,3,5,5,4,3,1,3,5,3,5,3,1,2,1,3,4,2,4,5,1,1,1,3,2,1,1,5,1,4,4.9,3.8,2.8,2.4,27,1,100
3,2,1,2,4,4,4,2,2,1,4,4,5,2,2,3,2,1,4,4,4,5,5,2,2,2,1,2,2,-1,5,3,4,2.1,3.3,2.8,23,1,80
4,1,1,3,2,5,4,1,5,1,4,1,5,1,5,5,5,1,1,1,2,5,5,1,2,1,2,1,2,3,2,1,2.6,2.3,3,1.8,17,2,95
3,3,4,5,4,5,2,5,2,4,3,5,5,3,2,1,1,4,4,5,5,3,2,3,1,4,2,4,2,4,2,4,4.4,3.8,2.6,4,32,1,35
3,4,4,3,2,4,5,2,3,5,3,3,4,4,5,4,3,4,2,1,3,2,1,2,2,5,2,3,3,5,4,3,3.1,4.1,3.3,2.6,16,2,80
3,4,3,2,1,2,2,3,3,2,2,3,4,3,3,3,4,4,3,3,4,3,2,3,2,3,3,3,5,2,2,3,2.8,2.9,2.5,2.9,22,2,88
1,3,5,4,5,4,1,4,1,3,3,4,4,2,2,3,1,3,4,4,5,2,2,2,2,3,4,4,2,3,1,5,4.6,2.9,2.8,3.8,25,2,89
3,4,4,5,2,5,3,4,3,4,3,4,4,2,4,4,3,1,2,2,5,5,4,3,3,4,4,5,5,2,3,2,3,3.4,3.4,3.6,17,2,70
3,5,5,3,4,3,2,5,3,4,3,2,5,3,5,4,3,2,1,1,5,5,5,4,1,3,5,5,3,1,5,5,3.9,3.3,3.9,3.6,24,2,99
2,5,5,1,4,3,5,1,2,3,1,4,5,3,4,4,1,2,3,1,4,5,3,2,1,3,1,4,2,4,4,2,4.4,3.5,3.3,2.4,22,2,80
1,2,4,4,5,5,2,2,1,2,4,3,5,2,3,2,1,1,5,1,5,3,3,1,1,3,5,4,1,5,2,3,5,2.9,3.5,2.5,17,2,100
1,5,2,5,5,5,5,5,2,3,3,2,5,5,2,2,1,4,5,3,5,4,4,2,1,5,5,5,1,3,3,5,4.9,4.3,3.6,3.6,18,2,95
2,4,4,1,4,5,2,2,1,4,3,3,5,4,2,3,2,4,3,2,5,2,2,2,1,5,1,4,3,4,2,3,4.4,4,2.4,2.5,23,2,70
3,4,3,3,3,4,2,2,4,3,2,3,4,3,4,3,3,3,3,2,4,3,3,3,2,4,2,3,3,3,4,3,3.3,3.4,2.9,2.8,23,2,90
3,4,4,2,3,4,2,2,2,4,1,3,4,3,2,4,3,2,3,2,4,4,2,3,2,4,5,4,3,4,1,3,3.5,3.6,2.5,2.9,17,1,93
2,2,4,5,5,4,3,4,2,3,4,5,5,3,3,3,2,3,5,4,4,4,4,5,2,5,1,4,2,5,3,5,4.3,3.6,3.4,4.4,17,2,80
2,5,4,3,4,5,4,2,1,4,3,5,5,5,3,3,1,5,4,3,5,2,3,2,1,5,4,5,2,5,3,4,4.6,4.5,3.5,3.4,16,2,69
1,4,2,2,4,5,5,2,3,4,4,3,5,5,4,3,1,4,3,1,5,1,3,1,1,5,4,3,1,5,3,3,4.6,4.1,3.5,2.3,26,1,80
3,5,5,3,3,4,3,2,3,4,4,3,4,4,5,2,3,4,3,3,3,2,3,5,3,3,4,3,3,3,2,3,3.1,3.6,3.6,3,18,2,95
2,4,3,2,4,3,5,1,1,3,2,3,5,3,4,2,2,3,1,1,5,3,3,3,1,3,2,3,2,3,4,3,4.5,3.1,3,2.3,25,2,100
2,3,4,4,4,3,1,3,3,3,4,4,4,2,3,2,2,3,3,3,4,3,2,3,1,3,4,3,2,3,2,3,4,2.9,2.9,3.1,26,1,80
2,1,4,1,4,4,3,3,3,1,5,2,4,1,1,4,1,1,3,2,5,3,1,1,2,2,5,5,3,4,1,3,4,2.1,2.9,2.6,18,2,80
1,3,4,2,4,5,3,4,5,2,2,4,5,1,3,2,1,1,3,3,5,5,2,1,1,3,4,5,3,4,1,4,4.1,3,2.8,3.1,20,1,90
3,3,3,4,3,5,3,4,2,3,4,3,4,2,2,2,2,2,4,2,4,2,2,3,1,2,2,3,4,5,2,4,3.6,3,2.8,3.1,16,2,70
2,4,4,4,3,5,3,3,3,4,4,3,5,5,3,3,1,3,5,2,5,3,2,3,1,4,3,5,2,5,1,3,4.3,4.1,3.1,3.3,22,2,90
1,5,3,3,5,4,3,2,2,4,1,3,5,4,5,2,1,4,3,2,5,2,4,3,1,4,1,3,2,5,3,3,4.8,4,2.9,2.6,55,2,95
2,3,5,2,5,5,3,4,2,1,5,5,5,4,5,3,1,1,2,4,5,5,1,2,1,1,1,5,1,4,2,1,4.8,3,3,3.3,19,2,90
1,5,3,3,3,5,5,4,2,5,1,4,5,5,4,2,1,5,4,3,5,2,4,3,1,4,3,3,3,5,5,3,4.4,4.5,3.6,3.1,21,2,100
2,5,4,2,4,4,3,2,2,4,4,3,4,5,2,3,1,3,5,2,5,2,2,2,2,5,3,4,1,3,3,3,4.4,3.9,3.3,2.6,48,1,100
1,4,2,5,2,5,3,4,2,5,4,5,5,5,5,1,1,5,5,5,5,3,4,2,2,4,2,5,1,5,4,5,4.4,4.5,3.6,4,17,1,95
2,3,3,2,4,3,4,4,4,4,2,3,4,4,5,4,2,3,2,1,4,4,3,2,4,4,1,4,4,2,4,2,3.3,3.4,3,2.8,67,1,80
1,3,2,1,4,5,4,4,1,5,1,4,5,1,5,5,1,5,1,1,5,4,1,4,1,5,1,5,1,5,5,1,4.9,4.1,2.5,3.1,24,2,96
2,3,1,2,3,5,4,1,2,3,2,2,4,3,5,4,3,3,2,1,3,2,3,2,2,5,1,2,4,5,4,4,3.4,3.6,2.8,2.3,35,2,100
4,3,3,2,1,3,1,1,5,1,5,1,5,3,1,5,5,2,4,1,1,4,3,3,5,1,4,1,1,5,1,1,2.1,2.8,2.8,1.9,20,1,100
2,3,2,2,5,4,5,3,2,4,3,3,5,5,3,4,1,4,3,2,5,3,3,2,1,5,4,3,3,5,3,1,4.5,4.1,3.3,2.5,64,2,92
3,2,1,1,3,2,4,1,5,3,2,1,3,2,5,5,3,3,2,1,4,4,3,1,2,3,1,2,5,2,5,1,2.8,2.6,2.9,1.6,22,2,85
1,4,2,3,4,5,4,3,2,3,2,4,5,3,-1,2,1,3,3,3,5,3,3,2,1,4,2,3,1,4,3,2,4.8,3.6,2.4,2.8,47,1,90
1,3,1,2,4,3,4,1,2,1,1,4,5,1,5,5,3,1,1,1,5,5,2,1,1,5,4,5,2,3,5,3,4.4,2.8,2.9,2.8,40,1,100
5,4,4,1,4,4,3,1,5,2,1,1,2,4,5,5,2,2,2,1,4,2,2,1,4,2,3,1,1,5,3,1,2.9,3.1,2.9,1.5,22,2,90
3,2,4,2,3,3,4,2,4,2,2,2,3,2,2,4,2,2,2,2,5,3,2,2,2,2,2,2,2,2,2,2,3.5,2.3,2.5,2.3,17,2,70
1,4,3,5,5,3,4,2,2,4,3,1,5,-1,2,3,1,4,3,1,5,2,1,1,1,4,5,3,2,5,1,5,4.8,3.3,2.8,2.6,19,2,100
2,4,1,1,3,5,5,2,3,4,1,3,4,4,5,2,3,4,1,2,3,3,1,1,3,5,2,4,5,5,5,2,3,4.3,2.6,2.1,42,2,98
2,3,3,2,3,5,4,2,3,2,4,2,5,4,3,3,3,2,1,2,5,3,4,2,1,3,2,3,1,5,4,4,4.1,3.4,3.1,2.5,22,2,90
1,5,4,3,4,4,1,1,1,4,4,4,5,5,2,1,1,4,4,1,5,3,2,1,1,4,1,3,4,5,1,4,4.5,4.3,2.4,2.3,29,2,100
2,3,4,2,3,5,2,2,2,2,1,2,4,3,1,4,1,3,4,2,5,5,2,2,2,3,2,4,4,4,4,3,3.9,3.5,2.5,2.6,32,1,80
3,5,5,5,3,5,2,3,4,3,5,3,5,5,2,2,2,4,4,3,4,1,2,3,1,5,1,4,2,4,1,4,3.8,4,2.8,3.4,23,1,100
2,5,3,1,4,5,2,1,3,4,2,1,5,3,4,4,1,3,3,1,4,1,3,2,1,5,3,5,1,5,3,2,4.4,3.9,2.9,2.1,40,1,100
2,3,2,1,4,4,4,1,2,1,2,3,4,5,2,5,2,5,3,1,4,4,4,1,5,4,4,5,4,4,5,1,3.4,3.8,3.3,2.3,20,2,100
3,3,3,4,4,3,1,1,4,2,3,5,4,1,3,1,2,2,5,5,4,3,2,4,2,2,2,5,2,2,1,4,3.6,2.3,2.5,3.6,19,2,60
2,3,4,1,4,4,3,1,4,3,2,3,4,4,3,4,1,3,3,2,5,3,5,2,1,4,1,3,2,4,4,1,4.1,3.5,3.1,2.1,22,1,100
1,4,3,2,4,4,4,2,3,4,2,3,5,4,4,3,2,4,3,2,4,2,1,1,1,4,2,4,1,4,2,3,4.4,3.8,2.6,2.5,22,1,100
1,4,3,3,3,4,4,5,5,5,4,1,4,5,5,1,5,3,5,2,4,3,3,4,1,5,1,1,2,5,3,3,3.4,4.3,3.5,2.5,24,1,100
1,3,2,4,5,5,4,4,1,3,1,5,5,5,2,1,1,3,5,4,5,1,3,2,1,4,4,3,1,5,2,4,5,3.6,2.9,3.4,50,1,100
2,4,2,2,3,4,4,4,2,4,4,3,5,4,5,2,2,3,3,2,5,4,5,3,2,5,2,2,4,4,5,5,3.9,4,3.8,2.9,49,2,98
4,4,3,3,3,4,3,1,3,4,4,2,5,4,5,3,4,4,4,2,4,3,3,3,1,5,4,5,2,5,4,4,3.5,4.1,3.8,2.9,26,2,70
4,4,3,1,3,5,4,1,4,2,4,4,5,2,5,4,4,4,1,1,3,3,1,1,1,2,1,4,4,5,4,1,3,3.4,2.9,2.1,31,1,85
1,3,4,3,4,5,3,4,2,1,3,3,5,3,3,2,1,2,3,3,5,3,3,2,1,2,5,5,2,4,1,4,4.6,2.9,3.1,3.3,23,2,80
4,2,3,2,1,3,4,2,3,4,2,2,3,4,5,5,4,2,1,2,3,3,4,2,3,2,4,2,4,5,4,1,2.4,3.1,3.4,2.3,15,1,95
2,4,4,3,3,5,3,4,2,4,4,3,5,4,3,3,2,5,5,3,4,2,2,2,1,4,3,4,1,4,1,4,4.3,4,3.1,3.3,27,1,90
2,3,3,4,4,5,2,1,2,3,4,1,5,2,2,4,1,2,4,1,5,4,2,1,1,3,2,3,1,5,2,1,4.6,3.4,2.6,2,22,1,100
3,4,5,5,3,2,4,4,2,3,2,4,5,3,4,2,2,3,2,3,5,2,1,3,1,3,2,5,3,2,2,4,4,2.8,2.8,3.8,14,1,96
2,3,3,2,4,4,3,2,2,4,2,4,4,4,3,3,1,3,3,2,5,2,2,2,2,4,2,4,2,-1,2,4,4.3,3,2.5,2.9,24,2,90
1,3,3,4,3,3,4,4,4,3,4,1,5,3,2,4,1,3,4,4,5,4,1,2,1,3,2,4,2,2,2,3,4.3,3,2.8,3.3,28,1,85
2,2,1,4,3,5,4,1,5,3,2,5,4,2,5,4,3,1,1,1,5,3,4,5,2,4,1,4,3,3,4,1,3.4,2.9,2.8,3.1,30,1,80
1,4,4,3,5,5,4,2,5,5,2,4,5,4,3,2,1,4,4,5,5,2,2,1,1,4,1,5,1,4,4,2,4.5,4,3,3,14,2,85
2,3,2,2,5,4,4,2,4,3,3,5,5,4,4,3,1,3,3,2,5,1,2,2,1,4,4,2,1,2,3,4,4.5,3,3.1,2.8,61,1,85
1,4,4,2,4,5,2,2,1,2,2,2,5,4,5,1,1,3,2,1,5,2,3,2,1,4,1,3,1,5,4,3,4.9,3.6,2.9,2,37,1,90
1,4,3,4,4,5,4,3,3,3,3,2,5,4,3,3,1,3,3,2,4,3,3,3,1,3,2,2,3,5,2,2,4.3,3.8,2.9,2.6,25,1,85
1,4,3,4,3,5,3,3,3,3,2,5,5,3,4,2,1,3,4,4,5,3,4,4,1,4,3,3,2,4,4,5,4.4,3.6,3.4,3.8,45,1,90
1,4,4,4,5,5,4,3,1,5,1,3,5,5,3,4,1,4,5,2,5,3,1,2,1,5,3,5,2,5,3,3,4.9,4.5,3,3.3,31,1,90
3,4,5,4,3,5,1,4,4,2,4,2,5,5,1,2,2,1,3,2,3,4,1,5,1,5,4,1,3,4,1,4,3.5,3.8,2.5,3,18,1,75
2,3,3,3,3,4,2,2,3,2,2,2,3,4,2,3,4,2,2,2,3,4,3,3,4,4,2,2,4,2,4,2,2.8,3.1,2.5,2.4,56,1,80
3,3,2,2,3,3,4,3,5,1,3,4,5,1,5,4,3,2,1,2,3,4,4,3,2,1,1,2,4,3,4,3,3,2.3,3,2.9,51,1,87
1,2,1,1,2,2,5,1,5,1,1,1,5,3,5,5,3,2,1,1,5,5,5,1,2,1,1,2,4,1,5,1,3.4,2.1,3,1.6,30,2,90
3,2,3,4,1,3,3,3,2,1,5,3,3,1,2,4,1,1,1,3,4,5,1,3,4,2,3,4,5,4,3,4,2.9,2.4,2.6,3.5,19,1,80
1,4,2,3,3,4,3,3,3,4,2,2,5,3,5,2,1,3,4,2,5,2,2,2,1,5,1,4,2,4,4,2,4.4,3.6,2.9,2.5,45,1,90
1,4,3,5,5,5,5,4,4,1,2,5,5,3,3,1,1,1,3,1,4,4,3,5,1,4,2,1,1,4,5,5,4.5,3.3,3.3,3.4,16,1,100
1,3,4,3,4,5,3,4,2,1,2,3,5,4,5,2,1,2,3,2,5,3,4,2,1,3,2,2,2,5,4,4,4.6,3.3,3.4,2.8,26,2,85
4,3,1,1,4,4,5,2,5,2,1,1,3,2,5,5,1,3,1,1,4,3,5,3,3,3,1,1,1,4,5,5,3.4,3,3,2.4,33,1,90
2,4,2,4,2,1,5,1,2,3,3,4,5,4,4,4,2,3,4,2,4,2,4,5,2,4,2,4,1,3,4,3,4,3,3.5,3.4,34,2,100
2,5,2,2,4,5,3,2,1,2,2,4,5,4,3,2,1,4,2,2,4,2,4,2,1,4,3,2,1,4,2,4,4.6,3.8,2.6,2.5,26,1,98
3,2,3,2,3,3,4,2,5,2,2,3,3,3,4,4,4,2,2,1,3,4,4,2,4,3,2,2,3,4,4,2,2.5,2.9,3.1,2.3,40,2,99
3,2,4,5,2,5,1,2,4,4,5,4,5,2,3,4,3,2,4,4,3,5,3,5,3,2,2,5,3,1,1,4,3,2.9,2.9,4.1,33,1,80
4,1,2,2,4,3,3,3,4,2,4,1,2,1,3,5,5,1,4,2,4,5,4,1,5,2,1,2,1,5,4,1,2.6,2.5,3.1,2.1,38,2,85
2,2,5,1,4,2,2,1,2,1,4,3,5,2,1,4,2,1,5,1,3,4,2,3,1,2,5,3,1,5,1,1,4.3,2.4,3.1,2.1,19,1,95
4,1,2,2,1,2,3,2,5,2,2,2,5,1,5,5,5,2,2,2,2,2,4,2,3,2,2,4,5,2,5,1,2,1.8,3.1,2.5,39,1,80
3,2,4,2,3,3,4,2,3,3,4,2,2,4,4,4,2,3,3,4,4,2,3,2,3,4,3,3,4,4,5,4,3,3.1,3.8,2.9,25,2,70
3,4,5,5,3,5,1,5,1,1,5,4,5,1,1,1,1,1,3,3,3,1,1,4,1,4,5,4,2,5,3,5,4.1,2.8,3,3.9,15,1,99
2,4,4,3,4,4,3,2,3,3,3,3,4,4,4,3,1,2,4,2,4,2,2,2,2,4,2,4,2,4,3,2,4,3.4,3.1,2.6,41,1,95
2,4,4,3,4,5,3,2,2,5,3,2,5,4,3,2,3,4,2,2,4,4,2,1,1,5,3,5,2,5,2,2,4.1,4.5,2.8,2.4,43,2,90
2,4,5,5,4,2,3,4,1,2,2,5,5,3,1,2,1,2,3,4,4,2,4,1,1,5,2,3,3,5,3,3,4.4,3.1,2.9,3.4,25,1,80
2,3,3,3,4,3,4,2,2,2,4,3,3,2,4,2,3,2,3,2,4,3,4,2,3,2,1,3,4,4,3,2,3.4,2.6,3.3,2.4,37,1,95
3,4,2,2,3,4,4,2,3,1,4,1,4,3,4,4,3,2,4,1,4,2,2,1,1,3,2,1,3,4,1,2,3.5,2.9,2.9,1.8,33,2,98
1,4,4,3,4,5,4,2,1,3,1,3,5,2,5,4,1,3,5,2,5,5,1,1,1,3,1,5,1,3,4,4,4.9,3.5,3.1,3,30,2,100
1,4,3,3,4,4,3,3,1,5,1,3,5,5,5,3,1,3,3,2,5,2,3,2,1,3,1,3,1,4,3,2,4.9,3.8,2.8,2.6,34,2,100
1,2,3,3,3,5,5,2,2,1,4,2,5,1,5,4,1,1,3,1,5,3,3,4,1,2,1,4,3,3,3,2,4.4,2.3,3.4,2.8,16,1,88
1,5,4,4,5,5,3,5,2,5,4,4,5,5,5,3,2,5,4,3,5,2,3,2,1,5,5,5,2,5,2,4,4.6,4.6,3.8,3.8,32,2,100
1,4,2,2,4,5,4,2,4,4,3,2,5,4,5,5,4,4,4,2,5,3,3,3,1,4,1,3,1,4,2,3,4.1,4,3,2.8,31,2,100
2,1,4,5,3,4,1,5,1,1,5,5,5,1,3,1,1,1,5,1,5,4,1,5,1,3,5,5,2,5,1,1,4.5,2.5,3.1,3.5,17,1,90
5,3,1,3,2,4,1,1,5,4,1,5,4,2,5,2,5,2,2,1,3,2,2,2,3,2,3,2,4,5,2,1,2.1,3,2.1,2.1,20,2,55
4,1,3,2,3,3,4,1,4,1,2,2,4,2,3,4,4,1,2,1,4,4,4,3,3,1,1,3,4,4,2,1,2.8,2.1,2.6,2.1,21,1,85
2,4,3,4,4,4,4,3,2,4,2,3,4,3,4,4,2,4,3,2,5,3,3,2,2,4,3,3,2,4,2,2,4.1,3.8,3,2.9,33,1,90
1,3,5,3,5,3,3,1,2,5,1,5,5,5,3,5,1,3,2,1,5,5,2,1,1,5,5,5,1,3,4,3,4.9,4,3.1,3,21,1,80
2,2,3,1,5,4,2,4,2,1,5,1,5,3,4,5,1,5,5,1,5,1,3,1,1,4,5,1,1,5,3,1,4.8,3.1,3.8,1.9,21,2,80
3,4,4,2,3,5,3,2,2,2,4,1,5,4,4,2,3,3,5,2,5,1,3,1,1,5,2,2,2,4,1,3,4,3.5,3.3,1.9,32,1,85
1,2,5,2,5,3,2,4,1,3,5,4,5,4,1,4,1,2,5,4,5,4,1,1,1,3,1,1,1,3,1,3,5,3,2.6,2.9,41,1,100
1,4,4,4,5,5,3,3,4,4,4,4,5,3,2,2,1,3,4,2,5,3,2,3,1,4,2,2,1,4,1,3,4.6,3.8,2.8,2.9,24,1,100
1,3,3,2,5,4,3,4,1,4,2,4,5,5,4,1,1,4,4,4,5,1,2,1,1,4,1,2,1,4,2,5,5,3.6,2.6,2.9,25,1,100
1,3,1,1,5,5,3,1,1,2,4,1,5,4,3,5,1,2,4,1,5,3,4,1,1,4,2,2,1,5,2,1,5,3.5,2.9,1.6,26,1,95
1,4,3,2,4,5,1,1,3,3,2,3,5,4,2,3,1,2,1,1,5,2,3,1,1,2,2,3,1,4,4,3,4.6,3.3,2.3,2.1,29,2,90
2,2,4,4,4,3,3,4,4,2,4,4,4,2,3,3,1,1,4,3,4,3,2,2,2,4,5,5,2,3,2,4,3.9,2.5,3.4,3.6,32,2,90
1,2,5,2,3,5,2,1,2,4,1,4,5,5,1,2,2,4,5,2,5,4,1,4,1,4,5,5,2,5,1,5,4.4,4.1,2.6,3.1,20,1,80
1,1,5,4,5,5,4,4,1,5,4,5,5,5,2,1,1,4,5,4,5,1,2,3,1,5,3,5,1,5,1,5,5,3.9,3.3,3.9,20,1,85
3,1,4,3,3,5,2,1,2,2,4,1,4,5,1,4,3,2,2,1,3,5,1,1,1,1,1,3,1,5,1,1,3.8,3.3,2,1.9,35,1,100
2,2,3,3,3,4,4,3,2,3,3,3,5,3,4,3,2,2,5,3,4,3,4,2,1,3,2,2,1,3,3,3,4.3,2.9,3.5,2.8,25,1,100
1,4,3,3,5,5,4,1,1,3,2,2,5,5,5,3,2,2,3,2,5,3,3,1,1,4,1,5,1,5,3,1,4.9,3.9,3,2.3,32,1,80
1,2,2,3,5,4,4,2,1,1,1,4,5,1,2,4,1,1,2,4,5,4,4,2,1,3,1,3,1,4,3,5,5,2.5,2.4,3.4,19,1,84
1,5,5,1,5,5,1,1,1,5,5,5,5,5,1,5,1,5,5,1,5,1,1,1,1,5,5,5,1,5,1,1,5,4.5,3,2.5,24,1,100
2,5,5,2,4,5,4,1,4,4,5,4,5,4,5,4,3,5,4,2,2,3,2,2,1,4,1,4,2,5,2,2,3.6,4.4,3.5,2.6,21,1,85
2,4,3,2,4,4,4,2,5,3,3,2,5,5,5,5,1,3,4,1,5,4,5,2,1,3,2,3,2,4,3,2,4.1,3.8,3.6,2.4,27,1,70
2,3,3,2,3,2,3,1,4,1,2,2,2,1,4,4,3,1,1,2,3,4,3,2,3,1,2,2,2,3,3,2,3,2,2.6,2.1,18,2,45
2,3,3,2,4,5,4,3,1,4,3,3,5,5,3,3,1,4,5,2,5,3,4,-1,1,5,2,3,1,4,3,3,4.8,4.1,3.4,2.4,48,1,90
1,3,5,2,5,3,2,3,2,2,5,3,3,3,1,3,1,2,2,2,5,4,3,1,2,5,3,4,1,4,4,3,4.5,3.3,3.1,2.6,23,2,85
5,4,5,4,5,4,5,4,5,4,5,4,5,4,5,4,5,4,5,4,5,4,5,4,5,4,5,4,5,4,5,4,2.5,4,5,4,27,1,80
2,4,2,1,1,2,2,1,4,2,1,1,5,1,3,4,5,2,1,1,3,3,1,2,3,3,4,2,2,2,2,1,2.9,2.4,2,1.6,24,2,50
1,4,5,2,5,5,1,3,3,1,5,2,4,2,2,4,1,2,5,2,5,1,1,1,1,4,5,5,1,4,1,3,4.6,2.9,3.1,2.8,40,1,95
3,3,2,4,3,3,4,3,3,2,2,2,4,3,5,3,2,3,3,3,4,4,4,3,2,3,1,2,3,4,2,3,3.5,3.1,2.9,2.9,16,1,90
4,3,4,1,3,5,2,1,4,2,4,1,4,2,2,1,3,1,4,1,3,4,3,1,4,3,4,1,3,5,2,1,2.8,3.1,3.1,1,19,2,90
2,1,2,5,4,3,1,5,2,2,5,2,5,1,5,3,1,1,4,4,5,2,2,2,2,3,2,4,4,3,1,4,4.1,2,2.8,3.6,17,2,95
1,4,5,3,4,3,3,2,1,3,2,3,5,3,3,3,2,3,4,2,5,3,2,3,1,4,4,4,2,3,2,4,4.6,3.3,3.1,3,22,2,75
2,2,4,3,2,5,4,4,1,1,5,4,4,2,1,5,1,2,3,5,5,2,1,1,1,2,4,2,2,2,2,5,4.3,2.3,3,3.6,49,1,90
2,4,3,2,3,4,3,4,2,3,2,2,4,4,4,2,1,3,3,3,4,4,4,2,2,4,3,2,2,3,3,4,4,3.6,3.1,2.6,26,1,85
2,3,3,3,4,4,4,4,2,2,1,4,4,4,4,2,2,3,3,3,5,3,4,3,1,4,2,5,2,3,5,4,4.3,3.3,3.3,3.5,35,1,70
2,4,3,3,3,4,4,3,2,3,3,3,4,4,3,3,1,4,4,3,5,4,3,4,-1,4,3,4,3,4,3,4,4.3,3.9,3.3,3.4,19,2,80
2,3,3,2,4,4,3,3,3,3,2,2,3,2,3,4,3,3,4,2,4,2,3,2,2,4,2,4,1,4,3,2,3.8,3.1,2.9,2.6,39,1,80
3,1,2,5,2,2,5,2,2,1,4,1,4,1,4,4,5,2,2,2,2,1,4,-1,4,2,1,1,3,2,5,1,2.6,1.5,3.4,2,18,1,85
1,3,4,4,5,5,4,4,1,3,4,4,5,4,4,4,1,4,3,4,5,3,1,4,1,3,2,3,3,5,2,5,4.8,3.8,3,4,19,2,90
2,3,3,3,3,4,3,2,2,3,2,5,5,3,1,3,2,3,4,4,5,3,-1,3,1,4,2,2,3,3,3,3,4.1,3.3,2.3,3.1,25,1,75
1,3,3,3,5,5,4,4,1,5,2,2,5,5,3,1,1,5,4,2,5,2,2,3,1,5,3,4,2,5,4,4,4.9,4.4,3.1,2.9,32,2,100
1,4,3,4,4,5,2,3,1,5,2,3,5,4,3,3,1,4,4,2,5,2,3,3,1,5,3,3,2,5,2,3,4.8,4.3,2.8,3,26,2,100
4,1,2,1,1,4,3,3,4,2,3,2,2,1,5,4,4,2,3,1,3,4,3,3,4,4,3,3,4,5,2,2,2,2.9,3,2.4,25,2,90
1,4,3,4,5,5,4,4,1,2,1,4,5,2,4,3,1,2,3,3,5,3,3,2,1,4,1,4,2,4,1,4,4.9,3.3,2.5,3.5,21,2,85
2,4,5,5,4,5,3,4,1,4,4,5,4,2,2,2,3,2,4,3,5,4,4,5,1,4,3,5,4,3,4,5,4,3.5,3.6,4.3,32,1,95
2,3,3,3,3,4,4,2,3,3,2,2,5,4,3,3,2,3,2,2,4,4,3,4,2,3,1,2,3,3,4,4,3.8,3.4,2.8,2.8,25,2,80
2,4,1,1,3,4,4,2,2,1,1,3,3,1,2,3,4,2,3,2,3,4,4,3,2,4,1,1,4,4,4,4,3.1,3,2.5,2.4,18,2,90
2,3,2,3,4,4,4,1,5,4,1,3,3,3,5,5,2,4,3,1,5,2,4,1,1,4,2,3,2,4,5,4,3.8,3.5,3.3,2.6,51,1,79
2,5,5,3,4,5,3,4,2,4,2,4,4,5,1,3,1,4,5,4,5,4,1,2,1,5,4,5,2,4,2,5,4.4,4.5,2.9,3.8,21,2,90
1,5,4,3,5,5,5,1,1,3,5,4,5,4,3,5,1,2,5,1,5,4,2,1,1,4,5,4,2,5,1,2,4.9,4,3.8,2.6,15,2,100
1,5,2,2,3,4,5,1,3,4,2,1,4,3,5,5,1,3,2,1,5,1,4,1,1,4,1,2,2,4,4,1,4.3,3.5,3.1,1.8,23,1,50
1,2,1,4,5,5,5,1,1,2,3,2,5,3,5,3,1,2,3,2,5,4,5,3,1,5,1,2,1,5,5,3,5,3.5,3.5,2.5,21,2,100
2,3,3,3,4,5,3,3,2,3,3,3,5,3,3,2,1,3,3,3,5,3,3,2,1,3,3,5,3,5,2,3,4.4,3.5,2.9,3,27,1,85
2,3,4,3,4,4,2,-1,2,1,1,4,5,3,4,2,2,1,3,2,5,3,2,2,1,3,2,3,2,4,3,4,4.4,2.8,2.6,2.5,61,1,100
1,5,3,3,5,5,4,4,1,4,3,2,5,4,5,2,1,4,3,2,5,3,1,2,1,3,1,3,1,2,1,2,5,3.8,2.6,2.5,22,1,90
1,4,4,3,4,5,3,2,1,2,4,3,5,5,1,1,1,2,3,2,5,4,2,2,1,3,3,2,1,5,1,4,4.9,3.8,2.6,2.4,21,2,85
2,4,3,2,3,5,3,3,4,4,4,4,4,4,3,2,3,3,4,4,4,3,1,2,1,4,1,3,3,5,1,3,3.5,4,2.5,2.9,40,2,95
2,2,3,3,4,3,4,1,4,1,2,1,5,3,5,4,2,2,2,1,5,5,4,4,2,3,2,2,5,4,4,1,3.6,2.9,3.3,2.1,15,2,90
1,2,2,2,5,4,5,1,2,1,4,1,5,2,4,5,1,1,5,1,5,4,2,2,1,2,1,1,1,3,3,1,4.9,2.4,3.3,1.8,19,1,100
3,2,3,3,2,3,3,3,4,3,2,4,3,2,5,2,2,3,3,4,4,4,4,4,3,4,2,3,5,3,3,4,2.8,3,3.1,3.4,46,2,90
4,3,3,3,2,3,2,2,4,2,3,1,4,3,2,4,3,1,4,1,4,4,2,2,3,3,1,4,5,2,3,1,2.6,2.6,2.5,2.3,18,2,90
1,4,4,3,5,5,3,3,4,3,2,2,4,4,3,3,2,3,4,2,5,3,2,2,2,3,3,5,2,2,2,3,4.1,3.4,2.9,2.9,18,2,85
4,1,2,1,3,5,3,1,4,1,5,1,1,1,5,5,5,1,1,1,4,3,2,2,4,2,1,1,1,4,5,1,2.5,2.3,3,1.6,30,3,100
2,5,5,4,2,4,2,3,5,3,5,4,5,2,1,3,2,5,4,3,5,5,1,4,2,5,1,5,3,5,3,4,3.5,4.3,2.8,3.8,19,1,90
5,3,3,1,1,2,1,1,5,1,3,1,3,1,1,5,5,1,2,1,1,5,1,1,5,1,3,1,5,4,1,1,1.3,2.3,1.9,1.5,23,1,85
2,2,2,1,4,3,4,2,2,1,1,4,4,1,4,3,1,1,1,1,5,5,3,1,2,1,1,5,3,5,5,2,4.1,2.4,2.6,2.4,39,2,100
1,5,3,3,4,5,4,3,1,2,2,4,5,5,4,2,1,3,4,2,5,2,4,3,1,5,1,2,2,3,4,4,4.8,3.8,3.3,2.9,28,1,90
3,5,4,2,4,4,2,2,4,3,2,4,4,4,2,2,1,3,2,2,5,2,3,2,1,4,3,4,2,3,2,3,4,3.5,2.5,2.6,34,1,80
1,3,3,3,5,4,3,3,1,2,3,4,5,3,5,3,1,1,4,3,5,4,4,4,1,4,1,5,1,1,4,4,5,2.8,3.4,3.6,28,1,80
4,2,3,2,3,4,3,1,5,1,3,1,5,2,2,5,3,1,4,1,3,5,2,2,2,2,4,3,5,-1,-1,2,2.8,2.1,2.6,2.1,19,1,75
1,1,3,2,5,5,5,1,1,1,2,1,5,5,4,5,1,1,4,1,5,4,3,1,1,4,1,1,1,5,3,2,5,3.3,3.1,1.8,38,1,86
1,5,3,3,4,5,3,3,2,4,2,3,5,4,3,3,1,4,4,3,5,2,4,3,1,4,1,2,1,4,2,3,4.8,4,2.8,2.9,58,1,100
2,3,3,3,3,5,3,2,2,2,2,1,5,3,1,5,1,4,3,1,5,3,1,1,1,3,3,3,2,5,1,3,4.4,3.5,2.1,2.4,37,1,75
2,3,4,3,4,4,2,2,2,3,4,3,4,4,3,4,4,2,4,2,3,3,3,2,2,3,2,4,2,3,1,2,3.6,3.1,2.9,2.8,29,1,90
1,1,4,5,5,5,2,5,4,4,1,4,5,3,3,1,1,2,5,4,5,5,1,5,1,4,1,1,1,4,4,4,4.6,3.5,2.6,3.6,22,1,60
2,4,3,3,4,5,5,3,4,3,1,3,5,5,4,2,2,4,1,2,5,3,2,3,2,5,1,5,1,2,4,3,4.1,3.9,2.6,3,27,2,90
3,4,3,3,3,4,3,4,2,3,3,4,5,5,3,3,2,3,4,3,5,4,3,3,2,4,3,4,2,4,4,4,4,3.9,3.3,3.5,32,2,85
2,3,2,2,4,3,5,2,2,2,1,3,4,3,5,3,2,2,2,2,5,4,3,2,2,4,2,3,2,4,4,2,4.1,3.1,3,2.4,21,2,90
1,3,2,4,5,3,4,2,4,3,1,4,5,4,5,3,1,-1,2,2,5,2,4,2,1,5,1,3,1,3,4,2,4.6,2.9,2.9,2.8,44,2,95
1,3,5,1,3,4,2,2,3,4,4,3,5,1,1,2,2,1,4,1,4,1,1,2,1,3,5,3,2,5,1,3,4.1,2.8,2.9,2.1,21,2,85
2,3,4,4,3,3,3,4,2,3,2,5,4,3,5,2,3,3,3,3,4,2,2,3,2,2,2,4,4,4,3,4,3.5,2.9,3,3.6,26,1,76
5,3,3,4,2,3,5,3,4,1,3,2,3,1,5,4,3,1,2,1,3,3,5,5,4,1,1,1,5,3,3,5,2.1,2,3.4,3.1,20,2,80
3,2,2,4,4,4,4,3,2,3,1,3,4,3,5,2,4,2,1,2,3,3,4,5,2,2,2,2,3,4,4,3,3.4,2.9,2.9,3,21,2,80
2,1,4,4,2,3,4,4,2,1,3,4,5,2,5,2,2,1,4,4,5,5,5,1,1,2,1,1,1,2,4,3,4.3,2.1,3.8,2.9,30,1,95
1,3,5,4,4,5,3,2,4,2,3,4,5,3,1,3,1,1,5,2,5,5,1,1,1,3,1,3,2,5,1,3,4.4,3.4,2.5,2.8,26,1,90
1,4,4,3,5,4,5,2,1,3,2,2,5,4,5,2,1,4,2,2,5,1,3,4,1,4,1,4,1,5,1,3,5,3.6,2.9,2.8,36,2,98
2,4,3,1,4,4,5,3,2,3,3,3,5,2,3,4,-1,3,3,1,5,1,1,2,2,4,2,3,2,4,3,3,4.5,3.1,2.9,2.5,27,1,75
1,5,3,2,4,5,3,1,3,5,1,4,4,5,5,4,1,5,5,1,4,4,2,3,1,5,1,4,5,5,4,1,3.9,4.9,3,2.5,32,2,99
1,4,4,3,5,4,3,4,4,4,4,5,5,3,3,2,-1,2,5,4,5,3,3,3,1,3,3,3,1,3,2,4,4.8,3.3,3.4,3.5,17,2,90
2,3,2,2,4,5,2,3,1,3,2,3,5,4,3,3,1,3,-1,-1,-1,-1,-1,-1,-1,-1,-1,-1,-1,-1,-1,3,4.4,2.3,1.1,1.8,69,2,95
2,5,5,4,4,5,1,2,2,5,5,1,5,4,1,2,1,5,5,2,4,3,3,2,1,5,5,5,2,5,1,4,4.4,4.6,3.3,2.8,20,1,98
2,3,3,4,5,5,2,4,2,4,2,4,4,3,2,2,1,4,4,3,5,3,2,2,2,4,3,3,2,2,4,4,4.4,3.5,2.8,3.3,21,2,79
1,4,5,2,3,5,1,2,1,3,5,5,5,5,1,2,1,4,3,4,5,3,2,1,1,2,4,3,4,5,-1,3,4.4,3.9,2.6,2.8,14,1,76
2,2,4,2,3,4,1,2,5,4,3,2,5,2,1,2,3,3,4,2,4,1,3,2,5,2,3,4,3,4,1,2,3,2.8,2.5,2.3,15,2,85
2,4,2,1,4,2,3,1,1,4,2,1,5,3,3,5,1,2,2,1,5,4,4,1,1,4,3,4,2,4,3,1,4.6,3.4,2.8,1.9,16,1,80
1,5,5,3,5,5,3,5,1,5,5,2,5,5,1,1,1,5,5,5,5,1,5,3,1,5,5,5,1,5,1,5,5,4.5,3.8,3.6,18,2,100
2,4,2,3,3,3,4,3,2,2,2,4,4,3,4,2,2,2,2,2,3,2,2,3,2,4,2,4,4,4,4,3,3.5,3,2.8,3,46,2,90
3,2,4,4,3,4,3,5,2,2,3,4,4,2,4,2,2,2,4,4,4,4,3,4,2,2,3,4,3,2,3,4,3.6,2.5,3.4,3.9,20,2,90
1,3,4,5,3,5,3,5,4,3,3,4,5,5,3,1,1,3,5,1,4,1,4,5,1,3,1,5,3,5,1,5,4,3.5,3,3.9,17,1,95
1,2,2,1,4,3,3,2,2,2,3,3,4,1,2,3,1,2,1,1,5,4,2,2,1,1,4,2,2,3,2,2,4.5,2.3,2.4,2,26,1,95
2,5,4,2,4,5,3,1,2,2,1,4,5,5,4,3,2,2,2,1,5,2,3,2,1,4,3,5,2,4,4,3,4.4,3.6,3,2.6,20,2,85
1,3,4,3,4,3,3,3,2,2,2,3,5,4,2,2,1,3,3,2,5,2,1,3,1,3,2,4,1,2,2,4,4.8,2.8,2.4,3,25,1,85
3,4,3,3,3,3,5,4,3,2,2,1,3,2,5,3,3,2,2,3,4,4,2,2,3,4,4,3,3,3,4,3,3.1,3,3.4,2.8,20,1,80
1,4,2,2,3,5,3,2,3,2,4,2,3,2,3,4,2,1,3,1,3,2,1,1,3,2,1,4,3,3,2,2,3.4,2.6,2.4,2.3,28,1,85
1,2,3,4,5,4,3,3,3,2,5,5,4,4,3,3,3,4,5,1,2,3,2,2,2,3,3,2,5,2,4,4,3.4,3,3.5,3,26,1,80
2,4,2,2,4,5,4,2,2,5,2,3,5,4,4,3,2,4,3,2,4,3,4,1,1,4,1,2,2,4,4,2,4.3,4.1,3,2.1,45,2,95
2,4,3,2,4,4,4,2,3,3,2,3,4,4,4,4,2,4,4,1,5,2,2,2,1,3,4,2,2,4,3,1,4.1,3.5,3.3,2.1,39,2,100
4,3,5,3,5,4,2,2,2,2,3,1,5,4,4,4,1,2,2,3,5,2,2,1,1,1,4,4,3,3,2,1,4.3,2.6,3,2.4,18,1,87
4,4,4,3,4,4,3,1,5,2,3,1,5,4,2,3,4,3,2,1,4,5,2,4,2,3,4,3,3,4,1,1,3.1,3.6,2.6,2.1,19,1,99
1,3,3,3,4,4,4,4,2,3,1,2,4,4,4,2,2,3,2,2,4,3,4,4,2,4,1,4,3,4,3,3,4,3.5,2.8,3,20,2,95
4,5,2,3,4,4,4,1,2,3,1,3,5,4,5,4,4,3,3,1,4,2,3,4,1,4,1,3,2,4,3,2,3.8,3.6,2.8,2.6,42,2,98
3,2,1,4,4,5,5,4,4,1,1,5,4,1,5,3,2,1,1,4,4,4,5,3,2,2,1,4,1,4,5,4,3.8,2.5,3,3.9,26,2,90
2,5,3,4,4,5,4,2,3,2,2,3,5,4,5,4,2,5,5,1,5,4,5,3,2,4,2,4,2,5,5,3,4.1,4.3,3.9,3,17,1,95
3,2,2,5,4,3,4,2,4,1,4,5,2,1,4,1,3,2,2,3,4,5,3,5,3,1,2,5,3,5,4,5,3,2.5,3.1,3.9,27,2,95
1,3,3,3,3,3,4,1,4,3,2,3,4,3,2,3,-1,3,3,3,5,3,3,1,2,3,4,4,2,3,3,3,4.1,3,3,2.6,18,1,75
1,2,5,3,5,4,2,1,4,1,4,2,5,1,2,5,2,1,5,1,5,5,1,4,1,2,4,1,5,3,1,1,4,2.4,3,2.3,14,1,90
2,2,2,2,5,5,4,5,3,5,3,4,5,4,5,3,2,2,2,3,5,5,-1,3,2,5,1,3,2,4,2,3,4.3,4,2.4,3.3,61,2,85
1,5,5,4,3,5,3,3,3,4,2,4,5,4,1,2,1,5,5,-1,3,2,1,2,1,4,5,5,4,5,1,4,3.9,4.3,2.9,3,16,1,100
2,4,3,2,4,5,1,1,2,3,4,3,5,3,2,4,1,1,5,2,5,3,1,1,1,4,2,4,2,2,1,1,4.5,3.1,2.4,2.3,28,1,90
1,3,4,4,4,4,2,3,1,4,4,4,5,3,2,2,1,2,3,3,4,2,2,2,1,4,4,4,1,4,2,2,4.8,3.3,2.9,3,23,1,80
2,4,3,1,3,2,2,1,3,3,4,4,5,1,3,2,2,2,4,3,3,3,2,5,2,1,2,5,2,3,2,2,3.8,2.4,2.8,2.9,19,2,90
3,4,5,4,5,5,2,5,2,3,4,4,5,4,2,5,3,2,2,4,3,1,3,2,2,4,2,4,2,5,4,3,3.9,3.5,3,3.9,19,1,85
2,2,4,1,4,5,3,-1,1,1,2,5,2,1,2,2,1,1,4,3,5,4,2,2,2,5,1,1,2,5,3,3,4.1,3,2.6,2.1,20,2,90
3,2,4,2,3,3,2,1,2,2,3,2,5,2,2,1,3,2,4,1,3,5,2,1,1,4,3,5,2,-1,-1,2,3.8,2.5,2.5,1.9,31,1,96
1,2,3,2,4,3,4,2,2,3,2,3,4,4,5,4,2,4,3,1,5,3,4,2,2,5,3,3,2,4,3,1,4.3,3.5,3.4,2.3,29,1,75
3,2,3,3,3,3,4,2,3,3,2,2,3,1,5,4,3,2,2,2,4,5,4,2,2,3,2,1,3,4,4,2,3.3,2.9,3.3,2.3,18,1,89
2,3,2,3,4,4,3,2,2,2,4,1,5,3,2,5,2,2,4,1,5,4,2,3,1,3,2,5,2,4,2,4,4.4,3.1,2.6,3,16,2,100
1,5,2,4,4,4,4,5,1,3,4,4,4,5,5,2,2,2,2,3,4,2,4,4,1,3,1,1,2,1,4,2,4.4,3.1,3.3,3.1,19,1,100
2,3,2,2,3,5,3,1,1,3,3,1,3,3,5,5,1,1,4,1,5,1,2,1,1,5,1,1,2,4,1,1,4.3,3.1,2.6,1.6,25,2,90
1,4,3,3,4,4,3,1,3,3,2,2,5,4,3,4,1,3,1,1,4,2,3,1,1,4,3,3,1,4,2,1,4.5,3.5,2.5,2,31,1,90
2,4,3,3,5,4,2,4,1,4,2,4,5,5,2,3,1,4,4,2,5,2,4,2,1,5,2,5,1,4,3,2,4.9,4,2.8,3.1,16,2,60
2,4,2,4,3,4,5,4,2,3,4,4,3,3,5,3,5,2,3,4,4,4,2,2,2,3,2,4,3,4,2,4,3.3,3.4,3.1,3.6,28,1,80
2,4,3,4,5,2,4,2,4,3,3,1,5,4,5,5,1,3,3,1,5,3,4,2,1,3,3,3,2,4,5,1,4.4,3.3,3.8,2.4,16,1,89
2,2,3,4,2,1,4,2,5,1,3,2,3,1,1,3,2,1,1,2,4,5,2,3,2,1,1,1,4,3,2,1,3,1.9,2.1,2.3,27,2,90
4,3,2,2,4,5,4,4,3,3,2,1,5,3,3,2,3,4,4,2,5,2,1,2,1,5,1,2,3,5,1,5,3.8,3.8,2.3,2.5,35,2,100
2,2,3,2,3,5,1,4,2,2,1,4,5,5,2,1,1,2,4,4,5,3,2,2,1,3,2,3,4,5,4,3,4.1,3.4,2.4,2.9,22,2,96
1,4,4,5,5,5,3,4,2,4,2,4,5,5,4,1,1,4,3,4,5,2,3,4,1,5,4,5,2,5,3,4,4.8,4.3,3.3,3.9,29,2,100
2,4,4,2,4,4,3,1,5,2,2,2,5,3,4,4,1,3,2,1,5,3,3,1,2,3,1,2,3,4,3,2,3.9,3.3,2.8,1.9,14,2,90
1,4,1,4,4,4,5,4,2,4,4,4,4,4,5,2,1,3,4,1,5,3,1,3,2,4,1,3,2,4,3,3,4.4,3.8,3,3,62,1,95
4,3,1,5,3,4,4,-1,2,2,2,4,4,2,4,2,4,2,2,3,4,4,4,4,3,3,2,4,3,2,4,4,3.1,2.8,2.9,3.3,17,2,90
3,3,3,4,4,4,2,3,2,2,4,4,4,2,3,2,2,2,3,3,3,3,2,4,2,3,4,4,2,3,2,3,3.8,2.8,2.9,3.4,16,2,60
3,5,1,2,4,5,1,1,1,5,5,1,5,3,5,5,3,5,5,1,5,4,5,5,2,5,1,5,2,5,1,1,4.1,4.6,3,2.6,17,1,100
1,2,3,2,5,5,4,1,1,5,4,3,5,5,5,4,1,5,4,1,5,2,2,1,1,5,1,5,1,5,4,2,5,4.3,3.4,2.4,17,2,99
1,3,2,3,5,4,5,3,1,2,1,4,5,2,5,3,1,3,4,2,5,4,4,3,1,3,1,1,1,4,2,4,5,3.1,3,2.9,41,1,95
2,4,2,4,4,5,3,3,2,3,2,4,4,4,3,3,2,2,2,3,4,3,2,3,2,4,2,4,3,4,4,3,3.9,3.6,2.5,3.4,15,2,85
3,4,3,3,2,5,4,3,1,5,1,3,5,4,5,4,5,4,2,1,3,3,3,2,2,5,1,3,5,4,3,3,3,4.3,2.8,2.8,34,2,90
1,3,1,1,4,5,3,2,4,4,2,1,5,3,5,4,2,3,4,1,5,1,5,5,1,4,1,4,2,5,3,1,4.3,3.5,3,2.4,24,3,95
3,4,3,2,3,4,4,3,2,4,2,4,3,3,4,4,4,3,3,2,5,3,4,3,4,4,2,4,3,4,4,2,3.1,3.6,3.3,3,34,2,85
2,3,3,2,4,3,4,3,3,3,3,3,4,3,4,2,2,3,3,2,4,3,4,2,2,4,2,4,3,4,4,3,3.8,3.3,3.4,2.6,59,1,90
4,4,3,4,4,5,4,5,2,5,2,5,4,1,1,1,2,3,1,5,4,3,2,4,2,3,2,4,2,4,5,4,3.8,3.5,2.5,4,20,1,95
2,4,4,4,3,4,3,3,2,2,3,3,4,4,2,2,2,3,4,3,3,3,2,3,2,4,4,3,2,4,3,4,3.8,3.5,3.1,3.1,16,1,95
1,3,2,1,4,5,3,4,2,3,1,1,5,4,3,4,1,2,4,3,5,2,5,2,1,4,1,4,2,5,3,2,4.6,3.5,2.8,2.6,30,1,100
4,2,4,3,3,5,3,2,3,3,2,2,5,3,4,2,1,2,2,2,5,4,3,1,1,3,1,4,3,2,4,2,3.9,3,2.9,2.3,16,1,80
2,3,2,3,2,4,4,2,5,3,3,2,4,4,4,3,4,3,3,2,4,3,2,2,2,4,3,4,3,4,2,3,3,3.5,2.9,2.6,27,2,75
2,3,3,3,4,4,3,2,2,2,3,3,5,3,3,3,2,2,2,2,4,2,2,3,1,4,4,4,2,4,3,4,4.3,3,2.9,3,21,1,75
2,2,4,2,3,4,4,1,2,3,2,1,5,4,3,3,2,3,2,1,5,2,3,2,1,4,3,1,4,5,4,2,4,3.4,3.1,1.6,17,1,95
3,2,3,5,2,3,2,2,2,3,3,3,3,2,5,4,2,3,4,2,5,4,4,4,3,2,2,3,3,3,3,2,3.4,2.8,3.3,3.1,33,1,75
2,4,3,3,3,4,4,3,2,2,4,3,5,4,2,4,2,2,4,2,5,3,4,3,1,3,1,4,2,4,4,4,4.3,3.3,3.3,3.3,18,1,95
1,5,4,2,5,5,3,2,2,4,2,5,5,3,1,4,1,2,5,1,5,4,3,3,1,5,5,5,1,5,2,3,4.9,4.1,3.1,3.1,29,1,95
1,3,4,3,2,2,3,1,3,2,2,4,4,3,1,4,2,2,3,1,5,4,1,3,2,3,1,2,3,3,1,4,3.8,2.8,2,2.8,18,1,90
2,3,4,4,3,3,4,4,2,2,4,2,5,2,5,3,1,3,2,4,3,3,2,2,2,3,3,2,2,2,4,3,4,2.6,3.5,3,20,2,70
2,3,4,3,4,4,3,2,3,1,3,4,1,4,1,4,3,1,4,1,5,5,1,1,1,3,1,2,2,3,2,1,3.6,3,2.4,2.3,38,1,90
1,3,1,3,5,5,5,1,2,3,5,3,5,4,5,4,1,3,3,1,4,3,5,1,5,4,3,3,5,5,5,1,3.8,3.8,4,2.1,66,2,95
2,3,4,4,4,5,4,5,3,4,3,5,4,3,3,2,2,2,3,4,5,3,4,2,2,3,2,4,3,4,3,3,3.9,3.4,3.3,3.6,55,2,90
3,2,4,4,2,4,5,2,2,2,1,4,3,2,5,2,4,1,2,2,1,1,5,2,2,4,1,1,1,5,1,3,3,2.6,3,2.5,35,2,75
1,4,4,4,3,4,3,4,1,4,3,5,5,3,3,2,1,3,3,3,5,2,2,4,1,4,2,3,1,4,1,5,4.8,3.5,2.6,3.8,18,2,90
1,5,5,3,5,5,4,3,1,5,5,4,5,5,2,5,1,5,5,1,5,2,2,3,1,5,5,2,1,5,2,5,5,4.6,3.8,3.3,16,2,100
2,2,4,5,4,5,3,5,3,3,4,5,4,3,3,1,1,2,4,4,5,2,4,4,1,2,2,5,2,4,1,5,4.3,2.9,3.1,4.3,21,1,85
2,4,2,2,4,5,5,2,2,4,1,5,5,5,5,4,1,4,5,1,5,4,3,3,1,5,1,4,1,5,3,2,4.6,4.5,3.1,2.9,25,2,100
2,4,4,4,4,3,2,4,2,2,4,2,4,2,4,4,3,2,3,3,5,4,2,3,2,3,2,4,2,2,3,4,4,2.8,3,3.5,22,1,80
4,2,4,4,4,4,2,4,4,4,4,4,4,4,2,2,2,3,5,5,5,2,2,4,2,4,4,2,2,4,3,4,3.6,3.4,3.3,3.6,27,1,100
4,2,3,4,1,3,2,3,4,2,3,3,4,2,1,3,5,3,5,3,2,2,2,3,2,3,4,2,5,5,2,2,2.1,2.8,2.8,2.9,16,1,90
1,3,3,2,3,5,3,4,2,4,1,4,5,5,4,3,2,3,4,2,5,4,3,2,1,4,2,4,2,5,2,5,4.4,4.1,2.8,3.3,18,1,87
2,5,2,4,4,5,3,3,2,5,2,4,5,3,3,2,1,4,4,3,5,3,4,3,1,5,2,5,2,4,4,3,4.5,4.3,3,3.4,18,1,85
3,2,2,2,3,3,4,2,2,1,2,2,4,2,5,4,4,1,1,1,4,5,4,2,2,3,4,1,2,2,4,4,3.5,2.4,3.3,2.3,33,2,80
3,1,2,3,5,4,3,1,2,1,4,2,5,1,4,5,3,2,5,1,5,5,1,2,1,2,2,1,2,5,3,2,4.3,2.6,3,2.1,21,1,82
3,2,2,4,3,5,4,2,4,2,3,3,5,3,5,2,3,3,2,2,5,4,4,5,2,3,1,3,5,5,4,2,3.3,3.4,3.1,2.9,19,1,99
2,2,2,1,4,3,3,2,5,2,2,2,4,2,4,5,3,2,2,1,3,3,4,2,2,2,2,2,2,2,3,1,3.4,2.3,2.8,2,24,2,85
2,3,2,4,2,2,3,2,3,2,3,3,5,3,3,4,-1,2,3,1,5,5,4,2,1,2,2,3,2,4,2,2,4.3,2.9,2.8,2.6,42,2,90
2,5,1,1,4,4,2,3,2,4,4,4,5,4,4,3,1,3,4,3,4,2,3,3,2,5,1,2,2,5,2,2,4.3,4,2.6,2.6,52,2,80
2,5,2,2,3,5,4,1,1,4,3,3,5,4,5,4,1,4,4,1,5,3,4,1,1,5,2,2,3,4,2,1,4.4,4.3,3.3,1.9,20,1,95
1,1,2,3,5,3,5,2,1,2,2,3,5,2,2,2,1,2,3,2,5,5,4,3,1,3,2,3,2,3,3,3,4.9,2.6,2.9,2.6,22,2,90
2,3,4,3,3,5,3,3,3,2,3,4,5,2,3,3,2,2,4,3,5,2,3,4,1,3,2,1,2,5,2,4,4.1,3,3,3.1,24,1,70
2,2,3,1,3,2,3,2,4,3,2,2,5,2,2,2,2,3,4,3,5,3,4,3,2,3,3,2,2,4,3,2,3.9,2.8,3,2.1,17,1,75
1,4,4,1,5,5,5,1,1,4,1,2,5,5,5,5,1,4,5,1,5,3,2,1,1,5,1,1,1,5,5,1,5,4.4,3.5,1.6,33,1,100
1,5,5,5,4,4,2,4,1,3,5,4,5,5,1,2,1,3,5,4,5,1,1,3,1,5,5,5,1,4,1,4,4.9,3.8,3.1,3.9,17,1,89
2,3,4,4,3,5,2,4,5,3,3,5,5,5,3,2,3,1,5,3,4,5,2,4,1,3,4,5,3,5,3,4,3.5,3.8,3.3,3.9,19,2,80
2,4,1,1,3,5,4,1,2,4,2,2,4,3,5,3,2,4,3,1,4,3,3,2,2,4,1,3,2,5,4,2,3.9,4,2.9,1.9,28,2,90
1,5,3,3,5,5,4,2,1,2,1,1,5,5,4,2,1,1,1,1,5,2,5,3,1,3,1,1,1,5,5,5,5,3.5,3,2.3,22,1,100
2,2,1,2,4,5,2,1,2,4,4,4,4,3,4,4,3,4,4,2,4,3,5,3,3,5,2,2,3,5,2,3,3.6,3.9,3,2.6,20,2,100
2,2,4,4,3,5,4,3,3,2,3,2,5,4,4,3,2,1,2,2,5,2,3,2,2,4,3,3,2,5,2,3,4,3.1,3.1,2.8,47,1,100
2,4,4,2,3,4,4,2,5,3,2,4,4,4,4,4,2,3,3,2,5,2,3,3,1,5,1,4,3,4,3,4,3.6,3.6,3,3.1,20,2,90
4,4,2,4,3,2,3,2,3,4,4,3,5,2,3,3,3,3,3,2,3,3,2,2,2,-1,2,4,1,4,3,2,3.5,2.8,2.8,2.8,15,1,75
4,3,3,3,1,2,2,1,5,1,3,2,4,2,1,4,4,5,1,1,3,5,3,2,1,1,1,1,5,3,2,3,2.4,2.8,2,2.1,26,1,77
1,3,5,2,3,5,1,3,1,3,5,3,5,2,1,3,1,2,4,2,5,4,1,2,1,3,4,4,1,5,1,1,4.8,3.4,2.8,2.5,26,1,100
1,3,4,3,4,4,5,2,2,3,2,4,5,4,4,3,1,4,2,2,5,2,2,1,1,4,1,3,4,5,4,3,4.4,3.6,3,2.6,14,2,85
1,1,4,3,3,3,3,3,2,1,4,4,5,2,1,5,1,3,4,2,5,4,1,2,1,4,4,3,2,3,1,4,4.5,2.6,2.8,3.3,25,1,90
1,3,3,4,5,5,4,2,2,4,5,2,5,5,5,4,1,3,4,1,5,4,3,3,1,5,4,4,2,5,1,3,4.8,4.3,3.6,2.9,21,2,90
3,3,1,4,3,3,5,1,3,1,1,1,4,3,5,5,1,3,3,1,5,4,1,2,1,3,3,2,1,1,1,1,4.1,2.6,2.5,2.1,18,2,100
2,3,2,3,2,4,5,3,4,3,1,2,4,3,3,3,4,3,2,2,4,2,4,-1,2,4,4,2,4,2,4,3,3,3,3.1,2.3,35,1,67
3,3,5,5,5,5,1,2,2,3,5,4,5,4,2,3,2,2,4,2,5,1,3,2,1,5,4,5,1,5,1,4,4.5,3.5,3.1,3.4,23,1,90
1,3,2,5,4,4,3,5,4,2,1,4,5,1,5,3,1,4,5,3,5,4,3,2,1,3,4,5,3,5,4,3,4.3,3.3,3.4,3.8,18,2,99
2,5,1,1,4,4,4,1,2,5,5,2,5,5,2,5,1,3,4,1,5,1,1,1,2,5,2,4,1,4,1,1,4.5,4,2.5,2,24,2,90
2,4,3,4,5,5,3,4,2,4,3,4,5,5,3,2,1,4,4,3,5,2,2,3,1,5,3,4,2,4,2,4,4.6,4.1,2.9,3.5,23,1,95
5,4,5,2,4,4,3,2,3,2,3,1,5,3,5,2,1,3,4,1,5,2,3,2,1,3,1,2,1,5,2,1,4.1,3.3,3.3,1.6,35,1,100
2,5,4,5,3,5,3,4,2,5,2,4,5,5,1,2,1,5,2,2,5,1,1,5,1,5,1,5,5,5,5,5,4,4.5,2.4,4,21,1,80
1,4,4,4,4,5,3,2,4,4,4,4,5,5,4,3,2,3,2,2,4,2,4,3,2,4,2,4,3,4,5,5,3.9,3.9,3.5,3.4,20,1,70
1,4,4,4,4,5,4,4,3,5,4,4,5,5,3,1,1,5,4,3,5,3,1,3,1,4,4,3,3,5,2,4,4.4,4.5,3.3,3.3,18,2,98
3,4,4,1,3,2,2,2,3,2,4,2,4,3,2,4,3,2,4,1,4,2,4,4,3,3,2,4,2,3,2,1,3.4,2.6,3,2.4,19,1,75
4,4,3,3,3,3,4,3,4,4,2,4,3,2,3,4,3,4,2,2,4,3,3,4,3,4,2,4,4,5,3,3,2.8,3.6,2.8,3.4,24,1,80
1,4,4,3,4,5,3,3,1,2,3,3,5,4,2,2,1,2,3,2,5,2,2,3,1,3,4,3,1,5,2,3,4.9,3.4,2.9,2.8,41,1,80
2,4,5,4,3,5,1,5,2,2,5,1,5,5,5,4,1,3,4,5,4,2,5,3,1,3,1,3,5,4,2,3,3.9,3.5,3.5,3.5,17,1,78
2,4,5,2,5,4,1,3,2,4,4,4,5,4,1,2,2,4,5,3,5,2,2,2,1,5,4,5,2,4,1,4,4.5,3.9,2.9,3.1,19,1,90
1,5,4,1,1,5,4,1,1,5,2,2,5,5,2,2,1,5,5,1,5,2,2,1,1,5,4,2,1,5,2,2,4.5,4.6,3.1,1.5,27,0,90
1,5,4,3,4,5,4,4,2,1,2,4,5,2,4,2,2,2,5,2,5,2,3,2,1,2,4,4,2,4,2,4,4.5,2.9,3.5,3.1,14,2,75
2,4,4,2,3,4,3,2,2,4,2,2,4,4,3,3,1,3,3,1,4,4,3,2,1,5,3,2,4,5,4,2,3.9,4.1,3.1,2,20,1,85
1,4,4,1,5,5,4,2,1,4,2,1,5,5,5,4,1,3,4,1,5,4,5,3,1,5,1,3,1,5,4,2,5,4.4,3.6,2.1,48,2,97
5,5,5,1,1,5,5,1,1,1,1,1,5,1,5,5,5,1,1,1,1,5,1,1,1,1,1,1,5,5,1,1,2.5,3,2.5,1.5,17,2,100
2,3,3,4,5,3,4,2,2,2,1,4,5,3,3,4,1,2,1,3,5,1,3,4,1,2,2,3,2,3,3,3,4.6,2.4,2.5,3.4,23,1,85
1,3,3,2,3,5,2,1,1,5,3,3,5,3,1,5,1,3,4,1,5,2,2,2,1,3,4,5,2,5,2,3,4.6,3.6,2.6,2.8,18,1,100
2,4,4,2,4,5,4,2,2,4,2,4,5,4,5,2,4,2,2,2,4,4,2,2,1,4,4,2,2,5,4,2,4,4,3.4,2.3,2670,2,70
1,4,3,2,5,5,4,-1,3,4,4,2,5,5,3,3,1,4,4,2,5,2,2,2,1,4,3,3,2,4,3,3,4.6,4,3.3,2.1,52,1,90
5,2,3,4,1,3,2,1,5,2,3,2,4,2,4,5,4,4,3,1,3,4,3,3,3,3,2,1,5,3,3,1,2,2.9,2.9,2.3,33,1,100
1,3,3,4,4,5,3,2,2,3,4,2,5,4,2,2,2,3,5,2,4,5,5,3,1,3,4,5,3,5,3,3,4.3,3.9,3.6,2.9,17,2,90
4,4,2,2,2,2,4,2,4,2,2,2,4,2,4,4,2,2,2,2,4,2,2,2,2,2,4,2,4,2,4,4,3,2.3,3,2.5,22,2,60
1,2,3,3,4,5,3,2,2,2,1,5,5,2,5,2,1,1,3,1,5,5,4,2,1,3,1,5,1,5,3,4,4.8,3.1,2.9,3,39,2,85
1,5,4,2,5,5,2,3,1,5,2,3,5,5,2,2,1,4,5,2,5,1,1,2,1,5,2,2,-1,3,1,3,5.1,4.1,2.4,2.4,21,1,90
1,3,5,4,3,5,2,5,3,1,3,5,5,2,1,2,1,2,5,5,5,4,2,2,1,5,4,4,1,4,1,4,4.5,3.3,2.9,3.9,32,1,90
4,4,1,5,2,4,1,1,5,4,1,1,1,1,4,4,2,5,1,2,4,3,2,5,2,5,2,4,5,5,1,1,2.4,3.9,1.6,2.9,20,2,60
4,1,1,4,2,2,3,4,5,3,1,3,1,2,5,2,4,2,1,2,2,4,5,3,4,3,1,3,3,3,5,3,1.9,2.5,2.8,3,37,2,98
3,5,3,5,5,4,4,4,3,3,3,3,5,3,3,2,3,3,4,3,5,4,3,3,2,3,2,4,3,4,3,4,3.9,3.6,3.1,3.5,16,1,90
1,2,3,4,5,5,3,4,2,3,2,4,5,5,2,1,2,2,3,3,5,3,3,2,1,4,4,2,1,5,2,4,4.8,3.6,2.8,3,39,1,88
1,4,2,3,2,5,5,4,5,5,1,2,4,4,4,3,3,2,4,4,5,5,3,1,1,4,1,2,5,5,5,1,3.3,4.3,3.1,2.5,16,2,100
1,4,4,2,5,5,1,1,1,5,5,2,5,5,1,2,1,4,5,1,4,3,1,3,1,5,5,5,1,5,1,4,4.9,4.5,2.9,2.5,22,2,100
2,4,2,4,4,5,4,5,3,4,2,5,4,2,4,2,3,2,4,4,-1,4,1,3,2,3,3,5,3,2,2,4,3.1,3.3,2.8,4,23,1,80
3,1,2,3,3,2,3,2,4,3,2,2,3,2,5,3,3,3,4,3,4,5,4,3,2,2,4,2,3,3,2,4,3.1,2.6,3.3,2.8,22,2,70
3,3,5,4,4,5,2,2,2,4,4,2,5,2,2,4,2,4,4,2,4,4,-1,2,1,3,4,2,3,5,1,2,4,3.8,2.8,2.5,22,2,99
1,2,4,4,4,5,4,4,4,1,1,4,5,3,5,2,1,1,4,4,5,5,3,2,1,3,1,1,2,3,5,5,4.4,2.9,3.4,3.3,16,2,70
4,4,2,3,3,4,4,1,1,2,4,2,4,3,5,5,4,4,4,1,3,2,2,2,2,3,1,3,3,5,3,2,3.3,3.4,3.1,2.4,21,2,90
2,3,3,3,2,4,4,3,2,3,2,4,5,2,3,3,1,3,4,3,5,3,3,2,1,4,4,5,2,5,3,4,4.3,3.4,3.3,3.4,14,1,90
2,4,2,3,3,4,4,2,3,4,2,2,4,3,4,2,2,4,4,2,5,3,3,2,2,4,2,4,2,4,2,3,3.9,3.8,2.9,2.5,26,2,95
1,1,2,2,3,4,4,4,4,3,3,1,5,5,5,5,5,4,3,3,3,3,3,3,3,3,4,5,4,4,5,5,3,3.4,3.6,3.5,27,1,39
1,2,1,2,5,5,4,1,3,1,1,3,5,4,5,2,2,1,5,2,4,4,4,3,1,3,1,1,1,5,1,2,4.5,3.1,2.8,2,20,1,90
1,4,3,2,5,3,4,5,2,5,4,2,5,3,2,2,2,5,5,3,5,3,-1,2,2,5,2,4,3,5,4,3,4.4,4.1,3,2.9,22,2,90
1,4,4,3,5,4,3,2,4,2,5,3,5,1,5,4,1,1,5,1,5,1,4,5,1,3,2,4,1,4,1,2,4.6,2.5,3.6,3,19,1,95
3,4,1,2,4,5,4,1,3,1,1,3,5,2,5,3,1,3,2,1,5,4,4,2,1,1,1,1,5,5,5,1,3.9,3.1,2.9,1.8,34,2,95
1,3,3,2,3,5,4,2,1,2,3,4,5,4,4,4,2,2,4,1,5,4,5,4,1,5,1,4,2,4,4,2,4.5,3.6,3.5,2.9,17,1,93
3,2,4,2,3,4,3,1,3,1,3,1,3,2,1,2,3,3,3,1,2,3,2,5,3,2,3,4,2,5,2,2,3,2.8,2.6,2.3,15,2,97
5,3,3,1,2,2,3,1,4,1,3,1,3,2,5,5,4,2,3,1,2,4,4,1,3,1,2,3,3,4,3,1,2.3,2.4,3.3,1.8,19,1,88
3,4,4,1,3,5,3,1,4,2,5,1,5,4,5,5,3,4,1,1,3,4,4,2,1,5,1,4,1,5,4,3,3.6,4.1,3.4,2.3,16,1,100
2,5,1,4,2,1,4,2,4,1,2,2,4,1,4,4,2,2,2,2,5,1,4,2,2,1,1,1,2,2,4,1,3.6,1.8,2.8,2.3,14,1,80
2,1,4,1,3,5,4,4,4,1,4,1,5,3,3,5,4,1,4,2,3,4,3,3,1,2,2,2,4,5,2,1,3.3,2.8,3.3,2.4,17,2,90
2,4,3,4,4,5,5,5,3,3,1,4,5,4,4,3,2,2,2,2,5,4,2,3,2,3,1,3,1,5,4,4,4.3,3.8,2.8,3.5,17,2,90
1,4,4,2,5,4,3,2,2,5,3,3,5,2,1,3,1,4,4,2,5,1,1,4,1,5,4,4,1,5,3,1,4.9,3.8,2.9,2.6,14,2,85
3,2,1,2,1,2,5,4,2,1,3,3,2,1,5,3,4,1,1,3,2,5,4,2,4,2,1,1,5,2,4,3,2.1,2,3,2.6,23,1,80
4,3,3,4,4,3,2,3,2,2,4,2,3,1,4,3,3,2,4,3,2,1,2,4,3,2,2,2,4,3,3,2,2.9,2.1,3,2.9,37,1,50
2,3,4,2,3,3,4,2,4,2,1,2,5,3,4,4,2,2,2,2,5,3,3,1,1,3,3,3,2,3,3,3,4,2.8,3,2.4,26,1,99
1,5,3,3,4,4,2,3,2,4,4,3,4,3,3,2,2,4,5,3,3,3,3,4,2,4,4,5,1,3,1,3,4.1,3.8,3.1,3.3,30,1,75
3,1,4,2,4,4,4,2,3,2,3,2,4,2,3,4,3,2,2,2,4,2,3,4,2,3,2,1,2,3,4,1,3.6,2.4,3.1,2.3,14,1,96
3,3,2,3,3,4,3,4,3,4,3,2,4,3,4,3,3,3,2,4,3,3,4,5,2,3,3,2,3,3,4,5,3.3,3.3,3.1,3.5,19,2,10
3,3,4,3,3,4,2,2,3,3,3,3,4,4,4,2,2,4,4,1,4,3,2,1,2,4,3,4,2,4,3,1,3.6,3.6,3.1,2.1,34,1,90
3,4,1,1,3,4,3,1,2,1,1,1,5,2,5,5,2,1,3,1,3,1,3,1,1,2,1,1,2,2,5,1,3.9,2.1,2.8,1.5,16,1,90
2,3,3,4,3,4,4,2,4,3,2,3,4,2,3,3,3,2,2,2,4,4,3,4,2,3,2,2,4,4,4,2,3.3,3.1,2.9,2.8,21,2,85
1,2,3,5,5,5,3,2,2,2,4,3,5,4,3,3,2,2,3,2,5,3,2,5,2,4,2,2,2,3,2,4,4.5,3.1,2.8,3.3,19,2,97
1,4,4,3,2,4,3,2,2,2,5,3,5,3,1,5,1,3,2,1,4,4,1,2,1,4,5,4,3,4,2,1,4.1,3.5,2.9,2.6,16,1,95
3,1,5,1,2,4,1,1,5,1,3,1,5,1,5,5,3,1,5,1,3,5,4,3,1,1,3,5,1,3,1,1,3.4,2.1,3.4,2.3,16,2,98
2,4,4,4,4,4,2,4,2,3,4,4,4,5,2,2,2,4,4,4,4,2,2,5,2,4,4,4,2,4,3,5,4,3.8,3.1,4,28,1,100
2,5,3,5,4,5,2,5,2,5,3,5,5,5,2,5,1,5,4,5,5,5,4,5,1,5,5,5,2,5,4,5,4.5,5,3.4,5,28,1,90
1,3,3,3,4,4,2,3,1,3,4,5,5,3,5,2,1,4,3,3,5,4,4,3,1,3,2,3,1,1,3,4,4.9,3.1,3.3,3.3,35,1,100
5,5,1,5,1,5,5,5,1,1,1,1,5,5,-1,1,1,1,1,1,5,5,1,5,1,1,1,1,5,5,5,1,3.5,3.5,1.9,2.5,19,1,100
1,3,4,2,4,5,3,1,3,3,4,1,5,2,2,5,1,2,4,1,4,2,2,1,1,4,4,4,1,5,1,1,4.5,3.3,3,2,14,2,100
1,5,5,3,5,2,4,1,2,5,4,3,5,5,-1,4,1,5,5,1,5,5,1,3,1,2,5,5,1,5,4,5,4.9,4.3,3.5,3.1,18,2,99
1,4,3,2,4,3,4,2,2,3,3,2,5,4,4,5,1,3,2,2,5,4,2,2,1,2,1,2,2,3,2,3,4.6,3.3,2.6,2.5,22,1,80
1,5,5,5,4,5,4,2,2,5,1,5,5,5,5,4,1,5,4,1,5,2,1,5,1,5,1,5,4,5,3,4,4.4,4.6,3,3.9,20,2,90
2,3,2,2,4,4,3,2,5,1,2,3,5,2,4,4,2,1,4,2,4,5,5,1,1,4,1,5,3,4,2,3,3.8,3,2.9,2.8,21,1,90
2,3,2,2,3,5,4,1,4,2,1,2,4,3,5,4,2,2,4,1,4,2,2,1,2,4,2,1,2,5,2,2,3.6,3.3,2.8,1.8,45,2,90
1,3,4,3,5,4,5,3,1,2,2,3,5,3,5,3,2,3,3,2,5,3,1,3,2,4,1,3,3,3,4,4,4.5,3.1,3.1,3,22,2,100
3,3,2,2,2,3,5,1,3,3,4,3,5,3,3,4,3,4,4,1,4,5,5,2,1,3,1,2,3,5,5,2,3.5,3.6,3.6,2.1,26,2,90
2,5,5,2,2,5,1,3,2,5,2,1,4,4,5,1,1,5,3,1,5,4,2,2,1,5,5,5,1,5,3,1,4.3,4.8,3.3,2,32,2,95
1,4,5,4,4,4,5,4,4,4,4,5,5,5,2,3,1,4,4,3,5,2,1,2,1,4,3,5,3,3,4,3,4.3,3.8,3.5,3.6,15,1,95
2,3,2,4,3,3,4,5,2,5,1,5,5,2,5,4,2,2,3,2,5,4,3,4,2,5,1,4,3,2,3,5,4,3.3,2.8,4.1,22,2,95
3,3,3,2,4,5,5,2,4,2,2,2,5,4,3,3,2,1,2,2,4,2,2,4,1,4,1,3,-1,5,2,4,4.1,3.3,2.5,2.8,20,1,77
2,4,3,4,4,4,3,4,3,2,3,3,4,2,2,3,3,3,2,2,5,3,2,2,1,3,3,2,2,5,3,3,4,3.3,2.6,2.9,19,1,80
1,4,5,5,4,3,5,4,3,3,2,4,5,5,4,3,1,5,4,4,5,2,1,2,1,4,3,4,2,2,2,4,4.5,3.5,3.3,3.8,19,1,75
1,3,3,2,3,4,3,4,2,-1,3,3,5,2,2,2,1,3,2,2,5,4,3,2,1,2,1,4,3,3,3,3,4.4,2.6,2.5,2.8,25,2,75
2,2,3,3,2,4,3,2,5,1,2,2,5,1,5,4,2,1,3,1,4,4,3,2,1,1,1,4,4,2,3,4,3.4,2,2.9,2.8,22,2,79
1,3,3,3,4,4,3,4,1,3,4,1,5,4,3,4,1,2,4,1,4,2,2,2,1,4,2,4,1,5,2,1,4.8,3.4,2.9,2.5,27,2,100
3,3,2,2,4,4,4,2,4,3,4,2,4,3,4,4,3,2,1,1,3,3,3,3,2,4,1,2,1,4,3,3,3.5,3.3,2.8,2.4,41,1,80
2,5,4,1,3,3,3,2,3,3,4,1,5,4,3,3,1,3,5,1,4,4,3,2,1,3,5,4,1,4,3,1,4.3,3.6,3.8,1.9,51,2,100
1,3,2,1,3,5,4,1,3,3,3,2,5,4,5,1,1,3,3,1,5,3,2,2,1,5,2,3,3,5,5,3,4.3,3.9,3.3,1.8,39,1,90
1,3,2,1,5,5,4,2,1,3,1,1,5,2,5,5,1,3,2,1,5,3,5,1,1,4,1,1,1,5,5,1,5,3.5,3.1,1.6,21,2,90
1,4,2,4,5,5,2,4,2,4,4,4,5,4,4,4,1,4,5,2,5,2,2,2,2,4,1,4,1,2,4,3,4.8,3.6,3,3.4,18,1,80
1,3,5,2,4,5,3,2,2,3,4,4,5,3,2,2,1,3,5,2,5,-1,2,4,1,3,4,4,2,2,1,4,4.6,2.8,3.3,3,70,1,95
1,4,3,2,4,5,4,2,3,1,4,4,5,5,1,4,1,1,2,1,5,1,3,2,1,5,3,3,2,5,2,4,4.5,3.4,2.8,2.8,22,2,81
2,5,1,4,4,5,2,4,2,4,1,5,5,3,5,2,1,4,5,4,5,3,5,4,1,4,1,4,3,4,4,5,4.4,4,3,4,20,1,95
4,5,5,2,4,5,3,2,4,2,5,3,4,5,1,3,2,1,1,1,4,1,2,2,2,3,5,4,2,5,2,2,3.5,3.4,3,2.4,20,1,70
1,1,1,1,1,1,1,1,1,1,1,1,1,1,1,1,1,1,1,1,1,1,1,1,1,1,1,1,1,1,1,1,3.5,1,1,1,22,1,100
1,4,3,4,4,4,4,4,2,3,3,4,5,5,2,2,1,4,4,2,5,2,3,4,1,2,3,2,3,4,3,3,4.5,3.5,3.1,3.1,14,1,100
4,2,2,1,3,3,4,2,2,1,2,2,4,1,4,4,1,1,4,1,4,4,4,2,2,1,1,2,3,1,4,3,3.6,1.8,3.1,2.1,21,1,80
1,3,4,1,4,5,2,1,5,3,2,1,5,3,1,4,1,2,3,1,4,3,1,1,1,5,3,3,1,2,2,1,4.3,3.3,2.3,1.6,31,1,90
1,4,2,2,4,4,3,3,2,3,2,3,5,4,5,4,1,3,1,1,5,3,5,3,1,4,1,4,1,4,3,5,4.8,3.6,2.8,3.1,28,2,100
1,4,3,3,5,4,4,4,1,4,2,4,4,4,4,2,1,2,3,2,5,2,2,2,1,4,3,3,1,4,3,3,4.9,3.5,3,2.9,59,2,90
1,3,4,3,4,4,3,2,1,3,4,4,5,4,3,4,1,4,4,1,5,4,4,2,1,2,4,2,2,5,2,4,4.8,3.6,3.5,2.8,20,1,80
1,3,2,3,4,3,4,2,3,2,2,2,5,-1,-1,-1,-1,-1,-1,-1,-1,-1,-1,-1,-1,-1,-1,-1,-1,-1,-1,-1,4.4,1,1,0.9,45,1,90
4,2,3,3,4,3,4,4,2,2,1,4,5,2,5,2,2,2,3,4,5,5,3,4,2,3,1,4,3,3,3,4,3.9,2.8,2.9,3.6,39,1,90
1,2,5,5,5,5,2,4,1,5,4,4,5,5,1,1,1,4,5,1,5,1,4,1,1,5,1,5,1,5,1,4,5,4,2.9,3.1,22,2,100
2,1,3,2,4,4,2,3,3,1,3,2,5,1,1,2,3,1,5,2,4,5,3,3,1,1,3,2,2,4,3,3,4,2.3,2.9,2.4,14,2,89
4,2,4,2,2,4,3,2,4,2,4,2,3,2,5,4,3,2,3,2,2,5,2,3,2,2,2,4,4,4,3,2,2.5,2.9,3.3,2.6,17,1,90
1,5,3,2,4,5,4,2,2,4,2,2,5,5,3,4,1,3,5,1,5,4,1,4,1,5,1,5,2,4,2,4,4.6,4.4,2.6,3,24,1,95
3,2,2,4,1,5,4,3,4,3,2,2,3,2,5,5,3,2,3,1,3,5,5,4,2,3,2,5,5,5,5,3,2.5,3.4,3.5,3.4,18,2,99
1,4,3,3,1,4,5,4,3,1,2,5,5,2,5,2,1,1,3,3,5,1,2,4,1,3,1,2,1,5,4,3,4.3,2.6,3.1,3.3,16,1,95
1,2,-1,1,4,4,1,4,5,2,4,5,5,1,2,2,1,1,4,3,5,2,2,2,1,3,5,4,1,2,1,4,4.4,2.1,2.4,3.1,29,1,90
1,5,3,2,5,5,4,2,2,3,1,4,5,4,3,1,1,3,2,3,5,3,2,3,1,5,3,3,2,5,4,5,4.8,4.1,2.8,2.9,26,2,90
1,4,2,4,3,5,4,3,5,4,3,3,5,5,2,3,1,4,4,2,5,2,3,2,1,4,1,4,2,4,2,3,4.1,4,2.6,3,19,1,90
1,4,2,4,3,5,3,2,3,3,3,3,5,4,2,3,1,4,4,2,5,2,2,4,1,3,3,4,2,4,2,5,4.4,3.6,2.6,3.4,26,2,100
2,3,3,3,2,3,3,2,3,4,2,3,5,2,3,3,2,3,2,3,4,3,3,3,2,3,4,2,2,3,3,2,3.8,3,2.9,2.6,22,1,94
3,5,3,4,4,5,4,4,4,5,2,5,5,5,5,2,1,5,1,1,4,1,5,5,1,5,1,5,3,5,5,5,3.9,4.5,3.3,3.9,17,2,100
1,2,4,3,4,5,3,2,4,1,2,1,5,2,1,2,1,2,4,1,5,4,2,4,1,4,3,2,2,5,3,3,4.4,3.1,2.8,2.3,20,1,90
2,4,3,3,4,4,4,4,3,2,3,4,4,4,4,-1,1,3,3,3,4,3,2,2,1,5,1,1,2,4,2,4,4.1,3.6,2.8,2.6,42,1,95
1,5,5,2,3,5,3,2,4,3,2,1,4,3,2,4,1,4,3,1,5,3,2,3,1,5,4,3,2,5,1,4,4.1,4.1,2.8,2.5,23,1,92
3,2,1,5,2,2,5,1,5,2,1,4,4,2,5,5,4,2,2,1,3,5,5,5,2,2,1,3,5,5,5,5,2.5,2.8,3.1,3.6,22,1,100
2,3,2,4,4,4,3,4,3,2,2,4,4,3,3,2,2,2,3,3,5,3,2,3,2,4,2,4,3,3,2,4,3.9,3,2.4,3.5,35,1,90
2,4,2,2,3,5,4,1,3,2,4,1,5,4,4,4,2,3,3,1,5,4,4,1,1,2,1,2,4,5,1,1,3.9,3.6,2.9,1.6,22,1,90
1,5,3,4,4,5,4,4,2,4,4,5,5,5,5,1,1,4,5,2,5,5,3,4,1,5,2,1,2,5,3,5,4.6,4.8,3.6,3.3,27,1,80
2,3,4,2,3,4,3,2,3,2,4,2,5,2,3,3,1,2,5,2,3,5,2,2,1,2,1,2,2,5,3,2,4,3.1,3.1,2.1,17,1,100
1,4,2,2,5,4,4,1,1,3,2,2,5,4,3,2,1,2,3,1,5,2,3,2,1,5,1,2,1,4,1,2,5,3.5,2.4,1.8,30,1,95
1,3,5,1,4,5,4,1,3,1,1,1,5,2,3,5,1,1,1,1,4,4,2,1,1,4,5,4,3,2,3,1,4.3,2.8,3,1.9,21,1,90
2,4,1,3,3,5,5,3,4,3,1,2,5,4,5,4,4,2,1,2,5,2,3,2,1,5,1,2,4,5,3,4,3.5,3.8,2.5,2.8,22,2,90
5,2,4,2,4,5,3,3,4,3,2,2,2,1,4,2,4,2,4,1,3,3,5,5,4,3,3,4,1,5,3,2,2.6,3,3.5,2.6,15,2,80
2,2,3,3,5,4,5,1,1,1,4,3,5,4,3,5,1,1,2,1,5,4,3,2,1,5,2,3,1,4,2,1,4.9,3.1,3,2.4,15,2,91
2,2,3,4,4,3,5,4,4,1,2,5,5,3,5,2,3,1,4,3,3,5,3,2,1,2,3,4,2,5,4,2,3.8,2.8,3.6,3.3,37,2,85
1,3,5,3,2,3,2,1,4,2,5,3,5,1,2,2,1,2,5,1,5,3,2,1,1,5,4,5,2,3,2,5,4.1,2.8,3.4,2.6,32,1,80
2,4,4,2,4,4,4,4,2,4,2,3,5,4,2,2,1,4,4,2,4,3,2,3,1,4,2,3,2,4,2,4,4.4,3.9,2.8,2.9,28,1,95
2,4,1,2,4,5,3,2,3,4,2,3,4,3,5,2,2,4,3,2,5,4,3,2,2,5,1,4,3,4,4,2,3.9,4.1,2.8,2.4,53,2,100
2,5,3,5,4,5,5,5,2,5,1,5,5,5,5,1,1,1,1,5,5,1,1,5,1,5,1,5,3,5,5,5,4.4,4,2.8,4.5,17,2,90
1,4,2,4,4,3,4,2,3,4,3,3,5,2,4,4,2,3,3,2,5,4,3,3,2,4,2,4,3,4,2,2,4.1,3.5,2.9,3,17,1,95
1,4,1,3,3,5,4,4,3,3,2,5,5,2,5,1,2,1,2,2,4,4,4,2,1,4,1,5,2,5,4,1,4.1,3.5,2.9,2.9,28,1,85
1,4,3,4,3,5,2,2,2,3,2,2,5,4,4,3,1,4,5,1,5,2,3,3,1,4,1,2,2,5,3,2,4.5,3.9,2.9,2.4,29,2,100
2,4,2,4,3,5,4,3,2,4,2,4,5,3,5,2,2,4,3,3,4,4,3,3,1,4,1,4,2,5,3,4,4.1,4.1,2.9,3.4,19,2,96
1,5,3,2,5,5,4,3,1,2,2,3,5,4,4,4,1,3,3,2,5,2,3,2,1,3,2,3,1,5,3,3,5,3.6,3,2.8,21,2,80
3,3,4,2,2,2,2,2,2,2,2,2,3,2,3,2,3,2,2,2,4,4,3,2,3,4,2,2,3,3,3,3,3.1,2.8,2.6,2.1,31,1,80
2,4,1,2,1,4,1,1,5,1,5,1,5,1,5,5,1,1,5,1,5,5,3,1,1,4,4,4,4,4,5,1,3.5,3,3.6,2,24,3,90
1,4,4,2,5,5,4,2,4,5,3,4,5,2,5,5,1,4,3,1,5,4,2,2,1,5,3,5,1,5,2,4,4.6,4.3,3.3,3.1,16,2,100
4,4,4,3,4,3,3,3,3,2,4,4,5,4,2,3,2,2,2,2,4,2,2,3,1,4,1,4,3,2,1,3,3.8,2.9,2.4,3.1,14,1,90
1,3,3,2,4,5,3,3,2,3,2,5,5,2,4,2,1,2,3,2,5,4,3,1,1,4,3,2,2,5,4,4,4.6,3.5,3.1,2.6,48,1,100
3,3,2,2,5,5,4,5,2,3,5,2,5,4,3,4,1,3,3,2,5,1,3,3,1,3,3,3,2,5,5,5,4.5,3.4,3.5,3.3,35,1,100
-1,2,4,3,2,3,4,4,2,1,3,4,2,1,1,3,4,2,5,2,3,3,2,4,3,2,3,2,1,5,1,3,3.4,2.4,2.9,3.1,15,2,90
1,4,3,3,5,5,4,2,2,4,3,3,5,5,2,4,1,4,5,2,5,3,1,3,1,4,1,4,1,5,1,2,4.9,4.3,2.5,2.9,17,1,100
1,4,4,1,4,5,2,1,1,4,3,1,5,4,5,5,1,4,4,1,5,3,1,3,1,5,3,5,2,5,3,1,4.8,4.3,3.1,2.3,15,2,100
2,3,3,2,3,5,3,3,3,2,1,5,5,3,4,2,2,3,3,3,4,3,3,2,1,3,2,4,3,5,4,4,3.9,3.4,2.9,3.1,18,2,85
3,4,2,3,3,4,4,4,4,4,3,3,4,5,4,2,3,3,3,3,4,1,5,2,3,5,3,3,2,4,4,3,3.3,3.8,3.5,2.9,17,1,70
2,3,2,3,4,5,4,1,2,4,3,2,5,4,2,4,2,3,4,1,5,3,3,2,2,4,2,2,1,5,2,4,4.4,3.9,2.8,2.4,17,1,92
2,3,3,1,4,4,3,2,4,3,4,2,4,3,4,2,4,2,2,1,4,4,1,4,2,3,2,3,1,2,1,2,3.6,3,2.5,2.1,22,1,80
2,3,4,4,4,4,3,2,3,3,4,2,5,2,1,4,3,4,2,1,4,5,2,1,2,2,4,4,1,5,3,3,4,3.5,2.9,2.6,20,2,90
3,4,3,3,3,4,4,3,2,3,2,2,4,3,3,3,3,3,4,2,4,4,3,3,2,3,3,3,3,5,3,2,3.5,3.6,3.1,2.6,16,2,89
1,3,5,2,4,4,3,2,1,3,3,3,5,3,2,2,1,3,1,1,5,1,3,1,1,3,5,4,1,4,2,3,4.9,3,3,2.3,41,1,85
1,3,2,3,4,5,4,2,2,2,1,5,5,5,4,2,2,2,1,3,4,5,5,2,1,5,2,2,2,5,3,4,4.4,4,2.8,2.9,55,1,100
1,3,4,3,5,5,3,2,1,5,4,5,5,4,3,2,1,3,4,2,5,2,1,4,1,3,2,4,1,5,1,4,5,3.8,2.8,3.3,46,2,70
4,2,2,3,2,2,4,3,2,1,2,2,2,3,3,4,5,2,2,3,3,-1,4,1,4,3,2,5,5,3,4,3,2.1,2,2.9,3,23,2,80
1,5,5,4,5,5,4,5,1,4,5,4,5,5,1,1,1,4,3,4,5,2,1,3,1,5,4,5,2,5,1,4,4.9,4.4,3,3.8,25,1,95
1,4,3,2,4,4,5,1,3,3,5,3,4,5,2,5,2,3,4,1,4,2,1,1,1,4,5,5,2,5,1,1,4.1,3.8,3.3,2.4,23,2,80
1,2,4,3,-1,4,4,1,2,2,1,3,5,3,2,3,1,2,1,1,5,2,2,2,1,2,1,3,1,3,5,2,4.3,2.5,2.5,2.3,17,2,70
2,3,5,3,3,4,4,2,3,2,3,3,5,4,5,4,2,3,4,2,5,3,3,2,1,4,2,4,3,4,4,3,4,3.4,3.8,2.9,39,2,80
4,4,2,1,3,3,4,4,5,2,1,1,2,2,3,2,4,2,1,1,5,4,1,1,2,4,2,1,2,5,1,4,2.9,3.3,1.9,1.9,21,1,95
2,3,3,2,4,4,3,3,2,3,2,4,4,2,1,2,1,2,4,3,5,3,1,2,2,3,4,4,2,3,2,4,4.3,2.9,2.5,3,28,1,90
1,5,5,5,5,5,3,4,2,4,4,4,4,4,2,1,1,4,5,4,5,3,2,4,2,4,2,4,5,4,2,4,4.1,4.1,3.1,3.8,40,2,100
1,4,4,5,4,4,2,5,2,4,3,4,5,3,1,2,1,-1,3,4,5,2,2,1,1,4,1,2,1,3,1,3,4.8,3,2.1,3.3,16,1,89
1,4,3,4,3,4,3,4,1,4,2,4,5,2,3,3,1,4,2,4,5,4,4,4,1,4,2,5,3,2,4,5,4.5,3.5,2.9,4.1,25,1,90
3,4,2,4,3,5,2,2,3,4,4,1,5,4,4,2,2,2,2,2,4,3,2,2,2,3,3,3,3,4,3,2,3.6,3.6,2.8,2.3,20,2,100
3,3,5,2,3,5,3,1,2,3,3,1,5,4,3,4,2,3,2,1,5,3,2,2,1,4,1,1,3,5,3,2,4,3.8,2.8,1.8,26,1,80
2,3,4,4,5,5,4,2,3,1,1,3,5,4,5,3,3,2,1,1,5,3,4,1,1,5,1,4,1,5,5,4,4.4,3.5,3.1,2.8,20,2,100
2,3,3,1,3,5,4,1,2,3,2,2,4,4,5,4,1,2,3,1,5,4,3,2,1,3,3,5,2,4,3,4,4.3,3.5,3.3,2.5,25,1,70
4,4,1,1,2,3,4,1,5,2,1,2,3,2,4,5,4,2,1,1,3,4,3,1,3,1,1,2,1,4,5,1,2.6,2.8,2.5,1.8,16,2,90
2,3,4,5,4,5,2,5,1,3,3,5,5,4,4,2,1,3,2,5,5,2,3,3,1,4,2,4,2,5,3,4,4.6,3.6,2.9,4.1,18,1,80
3,3,2,2,3,4,4,3,3,4,1,3,5,5,2,2,1,5,4,2,5,2,4,3,1,5,1,3,3,5,5,2,4,4.1,2.9,2.5,29,2,80
1,4,4,2,4,4,3,3,1,4,4,4,4,-1,2,2,-1,3,5,4,5,1,1,2,2,4,4,4,1,4,1,3,4.8,3,3,3,17,1,100
1,3,5,5,4,5,2,3,2,3,3,2,5,4,2,3,1,3,5,2,5,3,2,3,1,3,3,1,2,4,2,3,4.6,3.5,3,2.8,27,1,92
3,4,2,4,3,5,3,4,2,4,3,4,4,4,4,2,3,4,4,4,4,4,3,3,2,4,2,4,4,4,3,3,3.4,4.1,3,3.5,23,2,95
2,5,2,3,4,4,3,4,3,4,2,2,5,5,3,3,2,4,3,2,5,4,2,3,1,4,2,4,3,5,3,2,4.1,4.4,2.5,2.9,20,1,98
2,3,2,5,2,5,3,1,4,4,3,2,4,4,5,5,2,4,4,1,3,4,1,4,2,5,2,2,5,5,2,3,3,4.3,2.8,2.9,25,1,100
3,4,3,2,3,5,4,3,2,4,3,3,5,3,4,4,1,2,5,4,5,3,2,1,1,4,4,1,2,3,2,2,4.3,3.5,3.4,2.5,28,2,70
2,4,2,2,3,4,3,4,2,2,1,4,4,1,3,1,2,2,1,4,4,2,1,2,1,1,1,3,2,4,2,3,4,2.5,1.8,2.9,24,1,80
1,4,5,4,4,5,1,3,2,4,2,3,5,3,1,5,1,4,5,4,5,4,2,4,1,4,3,5,2,4,2,4,4.6,4,2.6,4,14,1,95
1,3,4,5,5,3,5,2,1,1,1,5,5,2,2,2,1,2,4,2,5,2,3,2,1,2,1,5,1,4,4,4,5,2.4,3,3.4,18,1,90
3,2,3,3,4,4,3,1,4,2,2,2,5,2,4,5,3,2,2,1,5,5,2,3,2,2,4,5,2,4,3,3,3.8,2.9,2.9,2.9,19,1,90
2,1,4,4,4,5,4,1,4,2,2,2,5,1,3,4,3,1,2,1,5,4,4,1,1,1,1,1,2,4,4,1,4,2.4,3,1.9,14,1,85
1,5,3,1,5,5,3,2,2,4,2,2,5,5,4,4,1,5,3,1,5,1,3,1,1,5,2,3,1,5,3,1,4.9,4.4,2.9,1.9,26,2,99
1,2,2,1,5,4,5,3,4,1,1,2,5,1,5,3,1,1,3,2,5,3,3,1,1,1,1,3,1,2,1,3,4.6,1.9,2.6,2.3,42,1,95
2,2,5,2,4,5,2,4,2,5,4,2,4,2,2,4,1,3,3,2,5,5,3,3,2,3,5,4,2,4,4,3,4.3,3.6,3.5,3,15,1,99
1,3,4,3,4,5,1,3,2,3,5,3,5,4,1,3,2,3,4,2,5,4,2,2,1,4,1,2,1,5,1,3,4.6,3.9,2.4,2.6,20,1,90
1,5,4,2,5,4,4,4,2,4,3,4,5,4,4,4,2,3,4,3,5,2,3,3,1,4,3,3,2,4,3,3,4.6,3.8,3.5,3.3,32,2,95
2,4,3,3,4,4,1,2,3,4,3,2,4,4,4,5,1,4,3,1,5,3,3,2,2,4,2,3,2,3,3,2,4.1,3.8,2.8,2.5,20,1,98
2,4,4,1,5,4,2,2,4,2,4,2,4,3,2,4,2,2,4,2,4,3,1,4,4,3,4,3,1,2,2,1,3.8,2.9,2.9,2.4,15,1,100
1,5,4,5,4,5,3,3,2,4,3,2,4,4,2,2,2,4,2,3,4,2,5,4,2,4,1,3,2,4,2,4,4.1,4,2.8,3.3,21,1,60
2,4,3,3,4,4,4,3,4,3,-1,2,5,3,3,3,2,4,3,3,5,4,2,5,1,3,-1,1,4,4,2,5,3.9,3.6,2.1,3.1,19,1,90
1,5,4,4,5,5,4,3,1,5,5,3,5,5,2,4,1,5,5,2,5,1,3,1,1,5,2,4,1,5,1,5,5,4.5,3.3,3.3,17,1,87
2,4,2,3,5,5,3,4,3,1,2,3,5,3,5,4,1,2,4,3,5,3,3,2,1,4,1,5,4,3,4,2,4.3,3.1,3,3.3,28,1,100
2,4,4,3,4,4,2,4,2,2,2,3,3,3,2,4,4,4,3,2,4,3,2,4,2,4,2,4,2,4,3,4,3.6,3.5,2.5,3.5,50,1,95
1,3,3,3,5,4,2,4,1,4,2,4,5,5,3,2,1,5,4,3,5,2,2,3,1,5,1,4,2,4,1,5,4.9,4,2.3,3.5,22,2,89
2,4,3,2,5,4,2,5,1,4,1,5,5,3,3,4,1,3,2,1,5,1,3,2,1,4,1,4,1,5,5,5,4.9,3.5,2.5,3.5,29,2,90
1,4,5,1,5,5,1,1,1,4,5,2,5,4,1,4,1,3,5,1,4,3,1,1,1,1,4,2,1,3,1,5,4.9,3.4,2.9,2.1,24,1,95
1,3,4,3,4,5,5,2,3,4,2,4,5,3,2,3,1,-1,-1,-1,-1,-1,-1,-1,-1,-1,-1,-1,-1,-1,-1,-1,4.3,1.9,1.6,1.5,39,2,30
1,4,3,2,5,5,2,4,2,3,3,3,5,4,2,3,1,4,5,3,5,3,2,2,1,4,2,4,1,4,1,3,4.9,3.9,2.5,3,25,2,80
2,4,2,3,3,4,3,2,2,3,3,3,5,3,5,5,2,3,4,2,5,3,4,2,1,4,1,3,2,3,4,2,4.3,3.4,3.3,2.8,31,1,90
3,2,1,4,4,4,2,4,2,2,1,5,5,1,5,2,2,2,3,3,5,3,3,3,1,3,2,4,2,1,3,4,4.3,2.3,2.5,3.6,25,1,99
2,4,4,2,3,4,3,1,2,5,2,3,4,3,3,3,2,4,2,2,4,2,3,3,2,5,2,2,2,4,2,2,3.9,3.9,2.6,2.3,43,2,90
1,2,4,4,4,4,4,3,4,2,1,1,5,3,5,4,2,2,5,2,5,4,1,3,1,3,2,5,4,5,5,2,4,3.1,3.4,3,22,2,90
1,4,4,3,5,5,4,1,2,3,4,1,5,4,2,4,2,2,4,1,5,3,2,3,1,4,4,4,1,5,1,3,4.8,3.8,3.1,2.5,23,1,87
2,3,3,4,3,4,3,3,3,1,1,4,5,3,2,2,2,4,4,2,5,4,3,3,2,5,2,3,4,4,4,5,3.8,3.5,2.8,3.3,21,2,93
3,4,3,3,3,4,4,3,3,3,3,4,4,4,3,3,2,3,3,3,4,2,2,2,2,4,2,4,3,3,3,3,3.5,3.4,2.9,3.1,21,1,90
1,4,2,1,4,5,5,1,5,5,3,4,5,5,5,1,1,4,5,1,3,5,5,1,1,5,2,5,1,5,5,2,4.1,4.8,4,2,18,2,100
4,2,4,3,1,2,5,2,5,2,2,1,1,1,5,5,5,1,1,1,3,3,4,3,5,1,1,1,2,2,4,1,1.8,1.8,3.3,2.1,16,2,70
2,1,2,1,3,2,3,1,2,1,4,4,3,1,5,3,1,2,2,1,5,5,4,2,2,1,3,1,2,2,4,1,4,1.9,3.4,1.8,40,2,95
2,4,2,2,3,5,3,2,3,4,3,2,4,3,4,2,1,3,4,1,5,3,4,2,2,5,4,3,4,4,3,2,3.8,3.9,3.4,2,20,2,60
2,4,3,3,3,4,2,1,1,5,2,2,5,3,4,2,1,4,2,1,5,2,4,2,1,5,1,2,2,5,2,4,4.5,4,2.5,2.1,21,3,80
2,5,2,2,4,4,5,1,3,3,1,3,5,4,5,4,1,4,3,1,5,2,1,3,1,5,2,2,2,3,4,3,4.4,3.8,2.9,2.4,33,2,100
1,4,5,3,4,5,1,2,2,4,2,3,5,3,2,3,1,3,4,1,5,4,1,4,1,4,5,5,2,4,1,3,4.6,3.9,2.6,3,20,1,90
2,4,3,4,3,5,4,5,2,5,3,3,5,5,5,2,2,5,5,4,5,3,4,3,1,5,4,5,5,5,2,5,3.9,4.6,3.8,3.9,15,2,80
1,4,1,4,3,4,3,4,3,4,2,4,5,3,5,3,2,3,4,1,5,1,2,2,1,3,1,4,3,4,2,4,4.1,3.3,2.5,3.3,24,1,90
1,3,3,2,5,4,4,2,4,3,3,3,5,3,5,4,1,3,3,1,5,4,5,2,1,4,1,5,1,4,3,3,4.6,3.5,3.4,2.8,18,2,100
2,5,5,4,4,5,2,4,2,5,2,3,5,5,4,4,1,5,5,2,5,4,2,1,1,5,2,5,1,5,2,4,4.6,4.9,3,3.4,18,2,95
1,4,4,5,4,5,4,5,1,4,1,4,5,3,4,2,1,4,3,4,5,4,3,3,1,5,1,5,3,5,5,3,4.6,4.3,3.1,3.9,29,1,80
2,4,2,3,4,4,3,3,2,4,3,3,4,4,4,2,2,4,3,3,4,3,3,3,1,4,2,4,2,3,2,3,4.1,3.8,2.8,3,40,2,7
1,3,3,4,5,5,4,3,1,2,2,3,5,4,2,2,2,2,4,3,5,3,4,4,1,3,3,3,1,5,2,4,4.9,3.4,3,3.3,33,2,100
2,4,5,3,4,5,3,4,2,5,2,3,5,4,4,3,2,4,4,3,5,2,3,4,1,5,3,5,1,5,3,4,4.5,4.3,3.4,3.6,20,2,97
2,3,2,3,3,4,4,3,3,3,3,4,5,4,4,3,2,4,3,3,5,3,2,2,1,4,2,4,3,4,4,3,4,3.6,3,3.1,20,1,90
2,3,1,3,3,3,4,3,1,3,2,5,4,1,5,3,2,2,2,3,5,5,5,3,2,2,1,1,3,3,4,2,4,2.8,3,2.9,15,1,90
1,5,5,4,5,5,3,2,1,4,4,3,5,4,3,4,1,3,5,1,5,1,2,3,1,4,2,5,1,5,1,5,5,3.9,3.1,3.4,15,0,100
2,5,3,4,2,3,5,2,3,2,4,4,5,2,5,3,3,2,2,2,4,4,4,1,2,2,1,4,5,4,5,4,3.3,3,3.6,3,19,1,100
1,3,3,1,5,5,4,2,2,2,4,2,5,3,3,4,1,1,4,1,5,3,2,1,1,4,3,2,1,4,2,1,4.9,3.1,3.1,1.8,16,2,80
1,4,5,3,5,5,2,2,1,4,5,3,5,5,3,2,1,4,5,3,5,1,1,3,1,5,2,5,1,5,1,4,5,4.1,3,3.1,15,0,100
2,4,2,4,4,4,4,4,4,4,2,2,4,5,4,4,2,4,4,2,5,2,4,2,2,4,2,2,2,4,4,2,3.9,3.9,3.3,2.8,15,2,100
3,3,2,3,3,3,5,3,3,2,2,2,5,5,5,4,1,2,2,2,5,4,3,2,1,2,1,1,1,3,3,3,4.3,3,2.9,2.5,40,1,100
3,2,3,3,2,4,2,3,4,2,2,2,4,3,4,4,4,2,4,2,3,4,3,1,3,4,2,4,4,5,3,2,2.6,3.3,2.9,2.6,19,3,80
1,1,5,3,4,4,4,5,2,3,1,5,5,5,4,1,5,3,1,4,5,4,1,2,1,4,1,4,1,5,5,2,4.3,3.6,2.8,3.3,49,2,90
1,3,2,2,5,5,2,1,4,3,5,1,5,3,4,5,1,2,4,1,5,4,4,2,1,2,2,1,2,4,4,1,4.5,3.3,3.4,1.8,15,1,99
2,2,3,3,2,4,3,1,5,3,3,3,5,3,3,3,2,4,3,1,5,4,2,3,2,4,1,3,3,3,4,1,3.5,3.4,2.8,2.3,18,1,95
1,4,5,3,4,5,5,1,2,4,2,1,5,5,5,5,1,4,3,1,5,1,4,2,1,3,1,5,1,5,2,1,4.8,3.9,3.4,2.4,19,2,100
1,4,4,2,3,5,4,2,2,4,4,2,5,5,3,3,1,3,5,2,5,1,2,1,1,5,2,3,2,3,1,2,4.5,3.8,3.1,2.1,26,1,100
2,3,3,1,4,4,3,1,1,4,2,1,5,3,5,4,2,3,2,1,3,3,4,3,1,4,2,1,2,4,3,1,4.3,3.5,3,1.6,40,2,85
5,5,4,4,5,5,5,2,3,3,3,4,5,5,5,5,3,3,5,2,5,4,3,2,1,5,2,5,3,5,3,3,3.8,4.4,3.8,3.4,18,2,100
2,3,2,3,3,3,4,2,3,2,3,3,3,2,4,3,3,2,2,2,3,3,4,3,2,3,1,2,3,3,4,2,3.3,2.6,3,2.5,33,2,75
1,4,2,2,4,5,4,4,1,3,2,4,5,2,3,4,3,3,2,2,5,4,3,5,1,3,1,5,3,5,3,3,4.4,3.6,2.5,3.6,15,2,96
1,3,5,2,5,4,3,4,1,4,2,3,5,4,2,1,1,4,3,4,5,2,2,2,1,4,3,5,1,4,2,3,5,3.6,2.8,3,32,1,100
1,4,2,1,2,5,1,1,5,2,4,1,5,3,2,5,3,4,4,1,4,2,1,2,1,4,3,4,4,5,1,2,3.4,3.6,2.3,2.1,29,2,95
3,4,2,5,1,4,3,4,3,5,3,4,4,2,5,3,3,5,4,4,3,4,2,3,2,-1,1,4,4,5,4,5,2.9,3.6,3,4,16,2,100
2,5,2,3,3,4,4,3,3,3,2,4,5,4,5,3,2,2,1,2,4,2,2,2,2,4,2,4,4,4,5,4,3.6,3.5,2.9,3.1,19,2,60
2,4,4,2,3,5,4,2,4,3,1,3,4,4,4,4,2,2,1,1,4,3,3,2,2,5,1,2,4,5,2,3,3.4,3.9,2.5,2.4,26,2,90
2,4,2,4,4,4,5,2,1,2,2,4,4,2,5,4,2,1,4,1,4,2,5,4,2,2,1,4,3,5,4,3,4,2.8,3.5,3.3,17,2,94
2,3,3,2,2,3,4,2,4,3,2,3,3,2,4,4,3,1,2,2,5,4,3,2,2,3,1,2,3,2,3,2,3.3,2.6,2.8,2.4,20,1,60
5,5,5,1,3,5,3,2,1,1,5,3,5,3,5,3,1,3,5,1,5,4,5,2,1,5,5,5,2,3,5,2,4.1,3.6,4.8,2.4,15,2,100
2,3,4,4,3,2,4,4,2,1,1,4,4,2,5,2,3,2,3,3,5,5,4,2,2,3,2,3,1,2,3,4,4,2.5,3.3,3.3,54,2,80
2,5,4,2,4,5,4,4,3,4,2,4,5,3,3,2,1,4,5,2,5,2,2,2,1,4,3,4,2,4,3,3,4.4,3.9,3.3,2.9,17,1,90
5,5,1,3,5,5,5,5,1,3,5,3,5,3,5,3,1,4,3,1,5,4,1,3,1,2,1,4,2,5,2,3,4.4,3.9,2.9,3.1,23,2,95
3,3,4,2,3,4,3,2,4,3,3,3,3,4,3,4,4,4,2,1,3,2,3,2,3,3,2,4,3,5,2,2,2.8,3.5,2.8,2.5,23,1,85
3,3,2,4,3,4,3,3,2,4,1,3,5,3,4,4,2,3,4,2,5,4,4,2,2,5,2,3,4,3,4,3,3.8,3.6,3,3,19,1,80
3,4,2,3,3,4,3,4,2,3,2,3,5,2,2,2,2,4,4,4,4,3,4,2,2,5,2,4,1,4,3,4,4,3.6,2.8,3.3,23,1,90
1,3,2,3,3,4,5,2,2,3,2,4,5,4,5,3,1,2,1,1,5,4,3,2,1,5,1,5,3,2,4,3,4.4,3.4,2.9,2.9,17,2,95
1,3,1,2,5,4,5,3,3,1,1,5,3,3,5,5,1,2,3,1,5,1,3,1,1,4,1,4,4,5,5,1,4.1,2.9,3,2.8,55,1,100
1,5,4,5,5,5,1,4,1,4,5,5,5,1,1,1,5,2,5,5,5,5,4,5,1,5,5,5,1,2,1,3,4.5,3.6,3.3,4.1,31,1,89
1,4,2,5,5,5,1,4,2,1,5,5,5,5,5,1,1,5,5,4,4,2,5,5,1,4,2,5,1,5,4,4,4.8,3.9,3.6,4.1,22,1,100
3,2,3,1,2,3,4,1,4,2,4,2,4,2,3,4,4,2,4,1,3,4,1,1,2,3,2,3,2,4,3,1,3,2.8,3,1.8,21,2,66
1,5,5,3,4,4,3,3,3,5,2,2,5,5,4,3,2,5,4,3,5,4,2,2,2,3,1,4,2,5,3,3,4.3,4.5,3,2.9,22,2,90
1,5,5,5,4,5,2,3,2,5,2,4,5,5,1,3,1,3,5,5,5,1,1,3,1,5,4,5,2,5,1,4,4.6,4.3,2.6,4,18,2,90
3,2,3,2,4,5,3,2,3,3,1,4,4,4,3,2,2,2,4,2,4,4,4,2,2,3,2,2,4,5,4,2,3.5,3.5,3,2.3,24,1,60
2,4,3,3,3,3,4,2,3,2,3,2,5,2,3,4,2,2,2,2,4,4,3,3,1,3,2,2,2,3,3,2,4,2.9,2.9,2.5,18,1,90
1,4,2,3,3,4,3,1,2,4,1,4,5,4,4,2,-1,4,1,1,5,2,3,1,1,4,1,4,2,4,4,2,4.6,3.8,2.4,2.3,57,2,100
1,4,5,2,4,5,3,1,2,5,2,1,5,3,2,4,1,4,5,1,5,1,2,1,1,5,3,4,1,4,1,1,4.8,3.9,2.9,1.9,15,2,100
2,3,2,2,4,5,3,4,1,4,5,5,4,2,2,2,2,2,4,4,1,5,3,3,2,3,5,3,4,5,1,4,3.5,3.6,3.1,3.4,45,1,100
2,4,2,2,5,4,3,3,4,4,4,5,5,4,4,3,1,4,5,3,5,4,2,2,1,5,4,4,5,4,3,4,4,4.1,3.4,3.3,57,1,95
1,4,4,1,5,5,1,4,2,3,4,2,5,4,5,5,1,2,5,1,5,4,1,5,1,4,5,5,1,2,5,1,4.9,3.5,3.8,3,15,2,90
2,4,3,2,4,5,3,2,4,2,4,3,5,3,2,4,2,1,4,1,4,4,4,2,1,4,3,5,2,5,2,1,4,3.5,3.1,2.5,17,1,95
4,5,2,5,3,4,3,1,2,4,5,4,3,5,5,3,4,5,4,3,4,4,3,5,3,5,1,1,3,5,4,2,3,4.6,3.4,3,18,1,90
1,5,4,1,5,4,3,5,2,5,5,5,5,5,2,1,1,4,5,5,5,1,3,2,1,5,4,4,1,4,4,5,4.9,4.1,3.8,3.5,15,1,100
3,2,2,3,2,2,3,3,2,1,3,3,3,1,2,3,4,2,2,3,3,4,3,3,3,3,2,4,4,3,3,3,2.8,2.3,2.5,3.1,20,1,86
1,3,5,4,5,5,2,4,2,1,2,4,5,2,4,1,1,1,5,5,5,5,2,5,1,2,1,5,3,5,3,4,4.6,3,3,4,16,2,90
1,2,4,2,4,4,4,2,2,1,1,3,5,4,5,4,2,1,3,1,4,4,2,2,1,3,1,5,2,3,3,2,4.4,2.8,2.9,2.6,17,2,80
4,3,2,2,3,4,3,4,3,1,2,2,5,2,4,3,2,1,2,3,5,2,4,3,1,2,4,5,5,5,5,2,3.5,2.5,3.3,3,16,2,80
1,4,3,4,4,5,3,3,2,4,3,5,5,5,4,2,1,4,4,4,5,3,4,4,1,4,3,3,2,5,1,4,4.6,4.3,3.1,3.6,16,1,100
2,1,5,3,3,2,4,4,1,2,4,2,5,1,1,1,3,1,4,4,3,3,1,5,5,3,3,4,5,3,1,3,3.1,2,2.9,3.3,16,1,100
3,5,2,4,4,5,5,3,2,4,2,3,5,5,5,3,3,4,5,2,5,2,4,2,2,5,3,4,3,5,5,3,3.9,4.4,3.9,3,16,1,90
1,5,2,4,3,5,3,1,2,1,2,5,5,2,5,3,2,2,3,1,5,3,4,2,1,4,2,5,4,5,1,2,4.1,3.4,2.8,2.9,16,2,90
1,4,4,3,5,3,2,2,3,-1,4,5,5,4,5,4,2,1,5,4,5,4,3,2,1,-1,2,4,3,4,2,3,4.4,2.5,3.4,3.4,18,1,89
1,3,4,4,3,4,2,3,2,1,2,4,4,2,2,2,1,1,4,3,4,4,1,2,1,3,4,3,1,4,1,4,4.4,2.8,2.5,3.1,20,1,87
3,2,3,2,4,4,3,3,4,3,2,4,4,4,5,2,2,2,4,4,5,4,4,2,2,4,2,5,4,4,4,4,3.5,3.4,3.4,3.3,47,1,70
2,4,3,2,5,5,5,3,1,3,3,2,5,3,3,-1,-1,-1,2,-1,5,1,3,1,1,5,5,3,1,5,3,4,5,3.3,3.4,1.9,19,2,3
5,2,2,1,4,2,3,4,2,2,2,4,5,2,5,4,5,1,2,1,2,2,4,2,2,2,3,2,2,4,3,3,3.1,2.1,3,2.6,17,1,80
1,4,3,4,5,5,2,5,2,3,4,5,5,5,3,2,1,3,5,5,5,3,3,5,1,4,2,2,1,5,2,5,4.9,4,3,4.1,16,1,80
2,4,5,5,4,5,4,4,1,4,2,4,5,4,1,3,1,4,5,2,5,2,1,4,1,4,4,5,1,4,1,4,4.8,3.9,2.9,3.9,20,1,100
1,3,2,4,5,4,5,2,3,3,1,4,5,2,4,4,1,2,2,2,5,2,2,3,1,4,1,4,3,1,4,3,4.5,2.6,2.6,3.3,17,1,80
2,1,2,3,4,4,5,1,2,2,1,2,4,2,3,4,1,1,2,2,5,3,4,2,1,2,1,1,1,4,5,2,4.5,2.4,2.9,2.1,18,2,85
2,4,3,5,5,4,3,4,2,4,2,5,4,1,2,2,1,3,5,4,5,4,4,4,1,3,1,4,2,4,4,5,4.5,3.4,3,4.1,16,1,86
1,3,3,3,4,5,3,2,2,3,2,3,5,5,4,3,1,4,4,1,5,1,4,3,1,4,1,4,1,5,4,2,4.8,3.8,3.1,2.6,17,2,90
2,4,3,3,4,5,3,4,3,3,3,4,4,3,3,4,3,3,3,3,3,4,4,2,3,4,3,4,2,4,4,3,3.5,3.8,3.3,3.4,30,1,80
1,2,4,2,4,3,2,2,1,3,4,4,5,3,1,3,1,3,4,2,4,4,1,1,1,4,5,4,1,1,1,4,4.8,2.9,2.8,2.8,24,1,80
1,3,4,3,4,5,1,3,4,3,4,3,5,4,4,4,1,3,5,3,5,3,2,2,1,5,2,3,2,3,1,3,4.4,3.6,2.9,3,17,1,90
2,2,3,3,4,3,4,2,2,3,1,3,5,4,2,2,2,2,2,2,5,3,2,3,1,3,2,2,2,3,4,4,4.4,2.9,2.5,2.6,31,1,90
1,1,5,5,5,5,5,5,1,5,1,1,5,5,5,5,1,1,5,1,5,3,5,5,1,5,1,5,1,5,3,5,5,3.8,3.8,4,19,2,100
4,2,3,4,2,3,3,3,5,3,2,4,2,3,4,3,4,3,3,2,2,3,1,4,4,4,2,2,5,4,3,3,1.8,3.1,2.6,3.1,32,1,80
1,3,5,3,5,5,4,3,2,1,5,2,5,1,4,2,1,1,5,2,5,2,2,1,1,1,1,4,1,1,2,2,4.9,1.9,3.5,2.4,19,1,100
2,2,4,5,5,5,2,4,4,4,4,5,4,4,4,1,1,1,2,2,4,2,1,3,4,4,4,4,3,4,1,4,3.6,3.3,2.8,3.5,15,1,75
1,1,5,2,3,4,3,1,3,1,4,4,4,3,2,4,1,1,5,1,4,5,2,3,2,3,4,3,2,4,1,1,4,2.8,3.3,2.4,22,2,100
1,5,4,4,4,5,5,3,2,4,2,2,5,5,4,4,1,4,3,1,4,1,3,2,1,5,1,5,3,5,3,2,4.4,4.3,3.1,2.9,21,2,99
2,4,5,3,4,4,4,5,1,4,4,4,5,5,5,2,1,5,4,5,5,2,3,5,1,4,3,4,1,4,1,4,4.8,4,3.6,4,22,2,85
3,2,4,3,4,3,4,3,2,2,3,4,4,3,3,2,2,2,3,2,4,4,3,2,2,2,2,2,2,2,3,4,3.9,2.5,3.1,2.8,35,2,90
3,4,3,3,4,4,3,3,1,1,4,2,5,4,3,4,4,1,3,1,4,4,3,2,2,3,1,5,3,4,4,2,3.8,3.1,3,2.8,23,1,88
3,2,1,1,3,4,4,1,4,2,2,1,4,3,5,5,2,3,3,1,4,4,4,1,2,4,1,1,3,4,3,1,3.4,3.3,2.9,1.5,41,2,80
4,3,2,3,1,2,3,3,2,2,4,4,4,1,5,2,4,1,2,3,4,1,4,2,2,2,1,2,3,3,2,2,3,1.9,2.9,2.6,48,2,95
3,2,4,2,1,4,4,2,1,2,2,2,2,2,5,3,3,1,2,3,4,4,3,2,3,3,1,1,4,4,4,3,2.9,2.8,3.1,2.3,21,2,80
3,4,4,3,2,5,3,1,5,4,1,3,4,5,5,5,5,4,3,1,4,4,1,1,2,4,1,4,5,4,4,1,2.5,4.3,2.8,2.4,19,2,80
1,3,4,3,4,5,4,2,2,3,4,2,4,3,2,4,1,4,4,2,5,2,2,2,1,4,4,4,1,4,1,4,4.6,3.5,3.1,2.9,20,1,95
2,4,3,3,4,5,3,3,2,4,2,4,5,5,3,3,2,4,4,3,5,4,2,4,1,4,4,5,2,5,2,4,4.4,4.4,2.9,3.6,19,1,84
3,2,1,2,2,5,2,2,2,1,4,2,4,2,1,1,2,1,5,2,4,1,3,3,2,1,1,4,4,4,2,2,3.4,2.1,2.4,2.3,21,2,80
1,4,1,3,4,5,4,1,1,4,1,2,5,5,5,5,1,4,2,1,5,3,4,2,1,4,1,3,4,5,4,2,4.5,4.3,2.8,2.4,22,2,98
1,5,3,5,3,1,3,5,2,4,2,2,3,3,2,3,4,3,4,2,4,2,2,3,2,4,1,4,3,4,2,5,3.5,3.3,2.4,3.6,35,1,70
2,3,1,2,3,5,2,1,3,3,2,3,5,3,5,4,2,2,3,2,4,4,2,1,2,2,4,2,2,5,1,3,3.9,3.4,2.5,2.3,19,1,85
1,4,3,2,5,3,4,1,1,3,3,2,5,5,2,3,1,4,2,1,5,2,1,1,1,3,1,1,1,4,1,4,5,3.5,2.1,1.9,25,1,90
2,5,3,3,4,3,4,2,2,2,2,2,5,5,5,3,1,2,2,2,5,3,2,3,1,4,3,5,2,4,4,4,4.5,3.5,3.1,3,23,2,94
2,3,2,2,4,3,4,2,1,3,2,4,5,4,4,3,1,3,3,2,5,3,3,3,1,5,3,4,1,2,3,4,4.8,3.3,3,3,37,2,85
3,3,3,4,1,5,3,2,3,1,1,2,4,1,4,3,2,1,2,1,4,5,4,3,3,1,2,1,5,5,1,4,2.9,2.8,2.5,2.5,20,2,83
1,4,1,1,4,4,4,2,2,2,4,1,4,2,3,4,2,3,4,1,4,2,5,3,1,1,3,5,1,5,3,1,4.4,2.9,3.4,2.3,22,2,80
2,4,1,1,4,4,4,4,4,4,1,3,5,3,2,4,2,3,1,1,4,3,5,1,2,4,2,1,2,4,5,1,3.9,3.6,2.6,2,22,2,70
5,1,3,2,3,2,4,1,2,1,1,1,5,4,2,1,2,1,4,1,5,1,1,1,1,1,2,5,3,4,4,4,3.8,1.9,2.6,2,16,2,90
2,5,2,1,4,5,4,1,2,4,2,1,5,5,5,5,1,5,1,1,5,1,3,1,1,5,1,5,1,5,4,1,4.6,4.4,2.8,2,14,2,100
4,3,3,5,2,4,4,5,2,3,1,5,5,5,4,3,4,3,3,4,5,1,1,2,2,2,2,5,4,4,3,5,3.3,3.1,2.6,4.3,14,1,97
2,3,2,4,2,4,4,4,2,2,2,4,4,3,4,3,3,3,2,1,3,4,4,4,2,3,1,2,4,4,4,4,3.3,3.3,2.9,3.3,24,2,80
3,2,1,4,1,4,5,1,3,3,1,1,3,3,5,5,4,2,1,1,2,3,4,3,1,3,1,1,5,4,2,1,2.5,3,2.5,2.1,27,2,85
1,3,3,4,4,5,4,3,2,2,2,3,5,5,3,4,1,3,4,2,5,2,3,4,1,4,2,5,2,4,2,4,4.6,3.5,2.9,3.6,16,2,80
2,3,2,2,3,3,2,2,2,3,1,3,4,4,2,4,2,3,4,2,4,3,1,2,1,3,3,3,3,3,3,4,3.9,3.1,2.3,2.8,22,2,100
3,2,3,1,5,5,2,1,3,2,5,1,5,3,3,5,1,3,5,1,4,1,2,1,1,3,4,3,1,5,1,1,4.4,3,3.1,1.8,19,1,90
1,5,2,3,4,4,4,3,2,3,2,3,5,3,4,3,1,3,4,2,5,3,4,2,1,4,1,4,1,4,4,4,4.8,3.6,3.1,3,41,1,90
1,4,3,3,4,5,5,3,1,4,1,4,5,5,4,2,1,4,2,3,5,2,4,2,1,5,1,3,1,4,4,3,4.9,4.1,3,2.9,36,2,100
2,3,5,5,3,5,2,3,2,3,3,5,3,4,1,2,1,2,4,3,4,2,2,4,2,3,2,4,2,4,2,4,3.9,3.3,2.6,3.8,18,1,80
2,3,1,2,5,5,4,3,1,3,4,2,4,5,5,2,1,3,4,2,5,4,4,1,1,5,1,3,1,5,2,3,4.8,4.1,3.1,2.3,22,2,100
3,2,1,1,3,4,4,1,5,1,1,1,4,2,4,5,3,2,1,1,4,4,4,1,2,2,2,2,3,4,4,1,3.1,2.6,2.6,1.6,22,2,95
1,4,2,4,4,4,5,4,2,3,1,3,5,4,5,2,2,3,2,4,4,3,4,4,2,3,1,3,2,4,4,3,4.3,3.5,3,3.4,20,1,95
1,4,2,2,5,5,3,2,2,4,4,4,4,2,2,2,2,4,4,2,4,2,2,2,2,4,2,3,2,4,2,2,4.3,3.6,2.6,2.4,29,1,100
2,2,4,1,3,3,3,1,3,2,1,4,5,2,4,5,2,2,2,1,5,4,2,2,1,3,3,4,2,4,2,1,4.1,2.8,2.6,2.4,23,1,90
1,3,4,4,5,5,2,5,1,3,4,5,4,2,3,5,1,2,5,5,5,4,4,5,2,5,5,5,2,4,1,2,4.6,3.5,3.5,4.5,29,2,65
1,1,2,3,4,5,5,3,4,2,1,4,4,1,4,3,2,1,1,3,5,5,4,3,2,1,2,5,3,4,5,3,3.9,2.5,3,3.4,19,2,88
3,2,4,1,2,5,3,3,4,1,4,1,2,2,5,5,3,4,4,2,4,3,5,2,3,1,1,1,2,3,3,3,2.9,2.6,3.6,2.3,24,2,70
1,3,4,3,5,5,5,3,1,3,3,3,5,2,5,4,2,3,5,3,5,3,3,5,1,5,1,3,5,5,3,4,4.4,3.6,3.6,3.5,18,1,70
3,3,4,2,2,2,1,1,5,1,5,1,2,2,4,5,-1,1,4,1,3,2,4,1,4,1,1,1,4,5,2,1,2.6,2.1,3.1,1.6,16,1,90
2,2,4,1,4,5,3,1,2,2,2,2,4,3,5,5,1,2,4,1,5,3,4,2,2,4,1,5,2,4,4,3,4.3,3.1,3.4,2.5,21,2,90
3,3,4,4,4,5,4,2,2,4,3,4,3,2,4,3,3,1,1,2,4,4,4,2,3,4,2,2,3,5,4,2,3.4,3.5,3.3,2.6,31,1,80
1,5,2,1,3,4,4,5,3,4,1,3,5,5,2,2,1,3,2,2,5,2,2,1,1,3,1,2,3,5,5,1,4.3,3.9,2.4,2.1,44849,0,100
-1,4,5,4,4,5,4,5,2,3,5,5,2,5,1,3,1,2,4,5,5,5,3,4,5,5,4,5,4,5,5,5,3.6,4.3,3.9,4.5,18,1,70
3,3,3,3,2,4,3,4,2,4,2,4,5,3,2,2,3,3,4,4,4,4,2,2,2,3,2,2,3,4,3,4,3.5,3.5,2.6,3.1,24,1,80
2,4,1,2,5,5,1,4,1,5,5,1,5,5,5,4,1,4,5,1,5,2,2,1,1,5,1,5,1,5,1,2,4.9,4.4,2.6,2.5,18,1,90
4,3,2,1,3,3,4,1,3,2,1,3,2,3,3,4,2,2,1,1,5,3,2,1,4,4,3,2,2,3,2,1,3.1,2.9,2.3,1.8,35,1,80
1,2,3,2,5,5,5,2,1,2,2,3,5,4,5,4,1,2,3,2,5,5,2,1,1,4,2,4,2,3,3,1,4.9,3.4,3.1,2.4,27,1,100
2,3,2,4,4,5,4,3,2,4,2,3,4,4,5,3,2,3,1,3,4,3,4,2,2,4,2,4,2,4,4,3,4,3.8,3,3.1,61,2,100
2,3,4,3,4,2,2,2,2,2,4,2,4,2,2,2,3,2,3,2,3,2,2,3,2,3,3,3,2,3,1,3,3.8,2.4,2.6,2.5,15,2,99
2,1,3,2,3,4,4,1,1,3,1,2,5,2,4,4,2,1,4,1,4,5,4,1,1,2,1,1,2,4,3,1,4.3,2.8,3,1.6,18,2,90
1,3,4,2,5,3,4,1,2,1,2,2,5,3,2,2,2,1,2,2,4,4,2,1,1,3,4,3,1,3,2,4,4.6,2.6,2.8,2.1,20,1,86
3,3,2,3,5,5,2,2,1,2,2,2,5,4,5,4,2,3,3,2,5,4,3,2,2,4,2,4,3,4,4,2,4.3,3.6,2.9,2.6,36,2,90
1,4,4,4,5,5,3,4,1,4,3,5,5,5,3,2,1,4,4,4,5,2,2,3,1,4,4,5,1,3,3,4,5,3.9,3.3,3.9,20,1,90
1,3,3,5,3,4,2,4,3,2,4,4,5,4,1,2,1,4,5,5,4,2,2,3,2,5,4,4,5,4,2,4,3.8,3.5,2.9,3.9,20,1,85
1,3,3,2,4,5,3,1,3,2,5,3,5,4,2,4,1,2,3,1,5,5,3,2,1,3,2,3,1,5,5,3,4.6,3.6,3.3,2.4,22,1,80
1,3,3,1,3,3,4,2,2,3,4,2,4,3,4,3,1,3,2,1,5,3,4,1,1,5,2,3,1,5,4,3,4.5,3.5,3.4,2,16,2,95
1,3,4,2,1,1,3,2,2,2,3,3,5,1,2,3,1,2,5,2,5,5,3,1,1,4,2,5,1,5,2,3,4.4,2.9,3,2.6,16,2,95
1,3,4,2,5,3,4,3,1,2,4,2,4,1,5,3,1,1,4,2,4,5,4,3,2,1,1,4,2,2,1,2,4.5,2.3,3.4,2.6,20,2,90
1,3,4,4,5,5,3,4,1,3,3,3,5,3,2,1,1,3,5,2,5,3,1,1,1,3,1,5,1,5,1,3,5,3.5,2.5,2.9,22,2,90
1,4,4,3,4,4,4,3,2,4,4,4,5,4,3,2,1,4,3,3,5,3,3,2,1,4,4,4,2,4,3,4,4.6,3.9,3.5,3.1,28,2,90
5,2,1,1,3,4,3,1,5,1,1,1,2,1,2,1,5,1,1,1,2,4,4,1,4,2,1,1,4,2,1,1,1.8,2.1,1.8,1,18,2,100
1,4,3,3,3,3,4,2,2,4,2,4,5,4,4,3,2,2,3,2,5,3,3,3,1,4,1,4,5,4,3,4,4,3.5,2.9,3.1,18,2,65
3,2,1,3,4,3,4,2,3,1,2,3,4,1,4,3,3,1,2,2,5,5,4,2,2,2,3,2,3,4,3,2,3.6,2.4,2.9,2.4,22,2,99
1,5,2,3,4,5,3,2,3,5,4,4,5,5,2,2,1,5,4,2,5,1,5,1,-1,5,4,5,1,3,2,3,4.8,4.3,3.3,2.8,16,1,72
1,5,5,5,5,5,1,2,1,5,5,4,5,5,1,1,1,5,5,2,5,1,1,1,1,5,1,5,1,5,1,2,5,4.5,2.5,2.8,21,1,100
2,4,4,2,5,5,4,2,1,4,2,3,5,5,4,4,1,3,4,2,5,3,2,2,1,4,2,2,1,5,1,2,4.9,4.1,2.9,2.4,37,2,99
3,5,4,4,3,5,3,3,3,3,4,4,4,4,4,3,2,4,4,3,5,4,3,4,1,5,2,3,2,4,2,5,3.9,4.3,3.3,3.6,33,1,80
1,5,5,1,5,5,4,-1,2,2,2,2,5,2,3,4,1,2,4,1,5,2,1,1,1,3,4,2,1,5,1,1,4.9,3.3,3,1.5,18,2,99
1,3,2,3,4,5,5,1,2,3,2,2,4,5,4,4,1,4,2,1,5,2,4,2,2,5,1,2,2,5,4,4,4.4,4,3,2.4,54,1,90
1,2,1,4,1,3,5,2,1,2,3,4,5,5,3,1,1,2,3,1,5,2,2,3,1,4,2,5,2,5,1,5,4.4,3.1,2.5,3.1,17,2,100
1,4,3,3,5,5,5,3,5,4,4,1,5,4,5,5,1,4,3,1,5,4,4,4,1,5,3,2,1,4,5,3,4.5,4.3,4,2.8,17,2,75
2,3,3,2,2,3,4,2,3,1,2,2,5,2,4,4,2,1,3,1,4,3,3,3,1,1,1,3,2,4,2,2,3.9,2.3,2.8,2.4,17,2,85
1,4,3,1,3,5,1,1,5,1,5,1,5,5,1,5,4,3,3,1,5,1,1,1,1,5,4,4,1,5,1,1,3.9,3.6,2.4,1.9,20,2,95
2,4,5,1,4,5,2,2,2,4,5,1,5,4,2,4,2,3,4,1,5,3,4,2,5,3,5,4,1,5,1,3,4,3.9,3.5,2.3,14,1,95
1,5,5,5,5,5,4,5,5,5,5,1,5,5,1,1,1,5,1,5,5,1,1,1,1,5,1,5,3,5,4,5,4.3,4.5,2.8,3.5,24,1,100
5,4,1,2,2,4,2,1,2,2,3,3,4,1,5,2,1,2,4,1,2,5,5,3,2,2,1,1,5,5,3,1,2.9,3.1,3,1.8,46,1,95
2,3,2,2,4,5,3,2,2,1,3,2,5,2,4,4,1,3,2,2,5,2,5,2,1,4,1,4,2,4,2,2,4.5,3,2.8,2.5,39,1,60
1,5,4,4,4,5,3,1,1,2,1,3,5,5,1,1,1,1,3,1,5,3,1,2,1,5,3,5,2,5,1,2,4.8,3.9,2.1,2.4,17,2,99
3,4,4,3,4,3,4,4,3,3,2,3,2,5,5,4,5,5,5,4,5,5,5,4,4,5,5,4,3,3,2,3,2.9,4.1,4,3.6,29,1,80
1,5,4,2,5,5,2,5,1,4,2,5,5,3,2,1,1,3,4,4,5,4,2,2,1,5,1,3,1,5,1,5,5,4.3,2.3,3.4,27,2,85
2,3,1,2,3,2,4,2,3,2,2,3,4,3,3,3,2,3,3,1,4,4,4,2,2,4,3,1,2,2,3,2,3.8,2.9,2.9,2,25,1,80
2,3,4,3,4,5,1,3,3,2,3,3,4,3,2,2,1,2,3,3,4,3,2,3,1,4,1,2,2,5,2,3,4.1,3.4,2.3,2.8,20,1,50
1,5,4,2,5,4,3,2,2,3,2,3,5,3,5,4,1,2,3,2,5,3,2,1,1,3,3,2,2,3,3,5,4.8,3.3,3.1,2.6,17,2,95
1,4,4,2,5,3,2,4,3,2,1,5,4,2,2,1,1,3,3,3,5,3,2,4,1,3,4,1,2,2,2,5,4.5,2.8,2.5,3.1,23,1,90
2,4,3,1,3,3,2,3,4,3,3,4,5,3,5,1,1,2,4,2,5,4,3,2,1,3,1,2,2,4,2,4,4.1,3.3,2.9,2.4,30,2,90
3,3,2,3,2,3,2,2,2,2,3,4,4,3,4,2,4,2,2,3,4,2,3,4,2,4,3,4,2,4,2,4,3.4,2.9,2.6,3.3,17,2,60
2,3,3,5,3,5,3,5,2,2,3,3,5,3,3,1,2,2,3,5,4,1,3,4,1,2,1,2,3,3,1,5,4,2.6,2.5,3.8,31,1,95
1,4,3,3,4,4,3,3,2,4,2,3,5,4,3,3,2,4,4,3,5,2,3,3,2,4,2,3,3,4,3,3,4.3,3.8,2.9,3,23,1,90
2,5,3,3,2,4,3,2,-1,4,3,1,5,4,4,4,2,5,5,1,5,3,3,2,1,4,1,3,2,4,5,2,4.4,4.1,3.4,2.3,16,2,90
2,4,2,2,5,5,2,1,1,3,3,1,5,3,3,5,2,3,3,1,5,5,3,2,1,2,3,2,1,4,3,1,4.8,3.6,2.8,1.9,16,2,100
4,5,4,5,4,4,2,2,1,5,5,5,5,5,3,3,2,5,5,2,5,2,5,2,1,5,2,3,4,5,5,4,4,4.5,3.9,3.3,14,2,56
1,4,4,4,4,4,2,4,2,4,1,2,5,4,2,2,1,4,3,4,5,3,2,2,1,4,2,5,2,3,3,4,4.6,3.8,2.4,3.4,22,2,85
2,3,2,2,4,3,4,2,1,2,2,3,4,3,5,4,2,2,5,1,5,4,4,2,2,4,2,4,3,2,4,2,4.1,2.9,3.5,2.5,55,1,90
2,-1,3,2,4,5,3,1,3,3,4,3,3,2,4,4,2,2,4,2,4,4,3,2,1,4,4,4,1,5,2,2,4,3.1,3.4,2.5,26,1,90
2,4,4,3,4,5,2,3,2,4,4,2,4,4,2,3,2,4,5,3,5,2,1,4,2,5,2,5,2,5,1,3,4.1,4.1,2.6,3.3,18,2,80
1,5,5,5,5,5,3,5,1,4,5,3,5,5,2,1,1,5,5,4,5,1,1,4,1,5,1,4,1,3,1,5,5,4.1,2.9,3.9,19,1,100
1,3,5,1,3,3,4,1,5,2,5,1,5,2,3,5,2,1,3,1,4,5,1,1,1,3,5,1,1,3,1,1,4,2.8,3.4,1.5,25,2,100
3,2,3,2,3,5,4,2,5,2,4,3,4,3,5,4,2,3,3,1,4,5,4,3,1,4,2,3,2,4,3,1,3.5,3.5,3.5,2.4,27,2,98
2,1,4,2,4,4,5,1,1,2,2,4,5,2,5,4,2,4,5,2,5,5,4,3,1,5,1,1,2,2,4,4,4.5,3.1,3.8,2.6,14,2,100
3,4,4,2,2,4,2,3,2,4,2,2,4,5,2,2,2,4,4,2,4,2,2,1,2,4,2,4,2,5,1,3,3.6,4,2.4,2.4,26,1,50
2,3,1,3,5,4,4,3,4,3,3,4,5,4,5,3,4,4,3,3,5,4,4,2,1,5,2,3,4,4,3,4,3.8,3.9,3.1,3.1,61,2,80
2,3,2,4,3,4,3,4,5,2,5,4,5,3,5,2,1,2,5,3,5,3,2,5,1,4,3,1,1,2,1,5,4.1,2.9,3.3,3.5,24,1,80
3,2,4,1,3,4,2,1,2,2,4,1,5,3,3,2,3,2,2,1,3,5,2,1,1,3,4,1,3,4,2,1,3.6,3.1,2.9,1.1,16,1,89
2,5,3,1,3,5,5,1,2,4,1,1,5,4,5,5,1,5,1,1,5,4,1,2,1,5,1,5,2,5,5,1,4.4,4.6,2.8,2.1,16,2,80
2,3,3,3,4,4,4,3,4,2,4,3,5,3,4,3,2,3,4,2,4,4,3,2,2,4,1,5,3,4,3,3,3.8,3.4,3.3,3,22,1,60
2,5,3,1,3,5,4,3,3,5,3,4,5,5,3,2,3,5,1,2,3,2,3,3,2,5,3,2,4,5,3,4,3.4,4.6,2.9,2.6,24,1,90
5,2,3,2,2,5,3,2,5,2,4,2,3,1,3,4,3,2,4,3,3,5,2,3,3,4,2,1,5,5,3,2,2.1,3.3,3,2.4,35,1,75
1,2,3,1,5,5,4,1,2,4,2,2,5,2,5,5,1,2,5,1,5,4,2,2,1,5,2,5,1,4,1,1,4.9,3.5,3,2.3,27,2,99
3,4,4,3,3,3,4,2,3,3,4,2,4,4,2,4,3,2,3,2,3,3,2,3,3,3,2,3,4,3,2,3,3,3.1,2.9,2.8,18,1,65
-1,-1,-1,-1,-1,-1,-1,-1,-1,-1,-1,-1,-1,-1,-1,-1,-1,-1,-1,-1,-1,-1,-1,-1,-1,-1,-1,-1,-1,-1,-1,-1,3.8,0,0,0,34,1,2
2,2,3,3,3,3,5,3,2,3,2,3,3,2,4,3,3,1,2,3,4,5,3,2,3,4,1,1,3,2,3,2,3.4,2.8,2.9,2.5,35,2,80
2,5,2,3,4,5,3,2,2,5,2,2,4,4,2,4,2,5,4,2,4,2,4,3,2,4,2,2,2,5,2,1,4,4.4,2.6,2.4,16,2,90
2,4,4,4,2,5,2,2,4,2,4,2,5,4,2,1,4,2,5,4,3,2,1,3,1,3,2,5,2,4,1,3,3.4,3.3,2.6,3,24,1,95
2,2,2,3,2,4,5,2,3,3,2,2,5,4,5,5,2,3,1,2,4,5,4,1,1,3,1,2,2,4,3,3,3.9,3.5,2.9,2.5,16,2,90
2,3,3,4,2,5,4,4,3,2,2,4,4,2,1,2,2,2,3,3,3,3,2,3,1,3,1,3,3,4,3,4,3.5,3,2.4,3.4,23,2,80
2,4,3,3,4,4,4,2,2,5,2,4,4,4,3,3,2,5,3,2,4,2,3,3,2,5,3,3,2,4,4,4,4,4.1,3.1,3,15,1,94
4,3,2,2,3,4,2,1,5,4,4,1,4,2,4,5,4,3,4,1,2,4,2,5,3,4,4,4,3,4,5,2,2.5,3.5,3.4,2.6,21,1,97
1,4,5,5,3,5,2,4,2,2,4,1,5,5,2,1,2,2,4,4,4,1,2,4,1,4,4,5,3,4,1,4,4.1,3.4,3,3.5,22,1,90
3,3,2,2,4,5,2,2,3,2,2,4,4,3,5,4,1,2,4,2,5,2,4,1,1,3,3,5,2,4,5,2,4.1,3,3.4,2.8,51,1,75
1,1,5,5,2,5,5,5,1,3,1,5,5,5,1,1,1,2,1,1,5,4,5,2,1,5,1,5,2,2,4,4,4.5,3.4,2.9,3.5,26,2,60
3,2,4,5,5,5,4,1,5,3,1,2,3,1,5,5,1,1,1,1,5,4,5,2,3,3,4,4,1,4,4,3,3.8,2.9,3.5,2.9,23,1,90
2,4,3,5,3,2,2,3,2,4,5,5,5,4,3,3,2,1,5,5,-1,3,3,3,2,2,3,1,4,2,2,5,3.3,2.8,3.3,3.8,25,1,80
2,1,3,2,3,2,4,2,3,1,2,1,5,3,4,4,2,1,3,1,4,5,4,2,1,2,2,4,2,3,2,3,4,2.3,3,2.4,15,2,80
1,4,3,1,5,4,4,1,2,1,2,1,5,3,3,2,1,1,4,1,5,3,2,1,1,4,3,4,1,1,1,4,4.9,2.6,2.8,1.9,41,1,95
2,4,1,3,4,4,5,2,3,2,1,2,5,4,5,4,1,3,3,2,5,1,4,3,1,3,1,1,1,4,3,4,4.5,3.1,2.9,2.6,17,1,95
1,5,2,2,1,1,2,2,4,1,1,2,1,4,5,3,5,5,1,2,5,5,4,1,1,3,1,5,1,1,5,2,3.1,3.1,2.6,2.4,16,2,90
2,4,3,5,3,5,3,2,3,3,4,4,5,3,3,4,3,4,4,3,5,3,4,3,1,4,1,2,2,5,3,2,4,3.9,3.1,3.1,26,1,100
1,4,3,2,5,5,3,5,3,2,3,4,5,4,1,2,1,3,4,4,4,3,1,1,1,-1,5,5,2,1,3,2,4.5,2.8,2.9,3.1,15,2,100
3,3,3,2,3,2,4,3,4,2,2,3,4,2,4,3,2,2,2,2,4,5,4,2,2,4,2,2,4,2,3,2,3.3,2.8,3,2.4,49,2,90
4,4,3,4,5,5,1,2,1,3,4,5,4,3,2,1,1,1,1,1,5,2,1,1,1,5,1,5,2,5,1,5,4.4,3.5,1.8,3,18,1,75
4,4,5,4,2,5,2,4,5,3,4,3,4,3,2,3,4,4,5,4,2,4,2,3,2,4,5,4,2,4,2,3,2.6,3.9,3.4,3.5,20,2,90
4,3,2,2,3,1,2,3,2,2,4,2,4,3,5,2,-1,2,1,1,4,4,5,2,3,1,1,5,1,5,5,2,3.9,2.6,3.1,2.4,25,1,99
2,1,4,1,5,1,5,1,1,1,3,1,5,1,4,5,1,1,1,1,5,5,2,1,1,1,1,1,1,1,3,1,4.9,1.5,2.9,1.5,22,1,90
1,3,3,4,5,4,3,2,2,3,3,4,4,4,5,5,1,4,3,2,5,3,3,4,2,4,2,4,2,3,5,3,4.5,3.5,3.4,3.5,22,1,95
4,2,3,2,1,4,2,3,3,2,2,3,4,1,2,4,2,2,1,2,4,4,3,3,2,3,3,4,5,4,3,3,2.9,2.8,2.4,3,22,2,65
3,2,3,2,2,4,3,1,3,2,4,3,4,3,5,4,3,3,2,1,4,3,2,2,2,3,2,3,4,4,3,1,3.1,3,3,2.1,22,2,90
2,1,1,3,4,3,2,4,2,1,2,4,5,2,5,3,1,4,4,3,5,5,4,3,-1,2,1,4,3,2,2,4,4.5,2.5,2.6,3.5,57,1,90
2,3,4,3,3,4,2,3,4,3,5,3,4,4,3,4,2,4,2,2,4,2,3,4,1,5,3,4,4,4,3,5,3.5,3.6,3.1,3.5,22,1,100
3,4,2,3,5,5,3,3,2,1,2,1,5,2,2,3,3,4,4,2,5,5,3,2,1,1,3,5,4,5,4,3,4,3.4,2.9,2.8,26,2,100
1,5,3,2,5,5,4,3,2,4,2,4,5,5,5,3,2,4,3,2,5,2,4,4,1,4,1,4,1,5,4,4,4.8,4.3,3.3,3.3,30,1,90
2,4,5,3,4,4,3,3,1,3,3,3,5,4,3,3,2,4,3,2,5,2,2,3,1,5,1,3,2,5,1,3,4.5,3.9,2.6,2.9,30,2,85
4,5,3,4,5,5,4,3,2,3,5,5,5,3,3,2,1,3,4,3,5,3,2,2,1,5,5,4,2,4,2,5,4.4,3.9,3.5,3.5,45,1,90
2,4,3,2,3,3,4,3,2,2,2,4,4,3,5,3,2,2,2,2,4,3,4,2,2,3,2,3,3,5,4,3,3.8,3.1,3.3,2.8,16,1,85
1,4,5,2,4,4,2,3,2,4,2,4,5,4,2,2,1,4,5,3,5,5,2,2,1,3,5,3,2,4,1,3,4.6,4,3,2.8,22,2,90
2,4,2,3,3,4,4,3,3,3,2,3,4,4,2,3,3,4,4,3,4,2,2,2,3,4,3,3,3,4,3,4,3.4,3.6,2.8,3,22,1,75
3,4,4,4,3,4,3,2,4,2,4,3,4,4,2,3,2,2,3,2,5,2,2,2,1,4,1,1,1,1,1,1,3.9,2.9,2.5,2.3,18,1,100
2,5,3,2,3,5,4,1,2,5,4,1,5,5,4,5,2,5,4,1,4,1,1,1,1,5,1,3,3,5,1,3,4,4.5,2.8,2.1,18,2,100
1,4,5,4,5,5,3,2,1,3,5,2,5,4,5,5,1,2,3,1,5,1,2,1,1,4,5,4,1,5,1,1,5,3.5,3.6,2.5,19,2,99
1,4,3,4,5,5,3,3,2,4,3,3,5,5,2,3,1,5,5,2,5,2,2,3,1,4,5,3,1,5,2,3,4.9,4.3,3.1,3,36,1,90
2,4,3,2,3,4,2,3,2,4,2,4,5,3,4,3,2,4,2,4,5,3,2,3,1,4,3,3,2,4,2,2,4.3,3.8,2.5,3,37,1,100
3,2,3,3,2,5,3,2,3,4,1,4,2,2,4,4,4,1,2,2,4,4,3,3,3,4,3,2,5,4,4,4,2.5,3.3,2.9,3,18,2,95
1,4,5,2,4,4,1,2,2,5,2,2,5,4,1,2,1,3,4,2,5,3,1,3,1,4,5,4,1,4,1,2,4.8,3.9,2.5,2.4,31,1,95
1,4,4,5,4,4,3,5,4,3,4,5,5,5,2,1,1,3,4,5,5,4,2,4,1,4,4,4,2,4,1,5,4.4,3.9,3,4.3,15,1,95
3,4,4,3,3,4,3,2,4,3,3,2,4,4,3,4,3,3,3,2,3,3,2,3,2,4,2,3,3,4,3,3,3.1,3.6,2.9,2.8,21,2,87
4,2,1,3,3,5,3,2,4,3,3,4,4,2,5,4,3,1,4,2,5,3,3,2,2,4,2,2,2,4,3,1,3.4,3,3,2.5,30,2,75
