Date,totaltime,TimeRA,endqualtrics,a1,a2,a3,a4,a5,a6,a7,a8,a9,apercent,v1,v2,v3,v4,v5,v6,v7,v8,v9,vpercent,museumbefore,italybefore,knowledge,labID,gender,age,photoSR,photonumb,attncheck,Day,Day2,condition,Issue?,issuedrop,photo1,photo2,photo3,photo4,photo5,photo6,photo7,photo8,photo9,other,total,PhotoTotal,NPTotal,PhotoCorrect,NPCorrect,PhotoComp,NPComp,photossent,,,
9-Feb,20.07,2:45:00 PM,3:05:04 PM,0,1,1,1,1,0,1,1,1,77.77777778,1,0,0,1,0,0,1,1,1,55.55555556,2,2,1,21726,1,26,1,6,1,Tuesday 2/9,1,photo,0,0,0,1,1,0,0,1,0,0,1,2,6,4,5,25,80,25,80,1,,,
10-Feb,23.47,10:58:00 AM,11:21:28 AM,1,1,1,1,1,1,1,1,1,100,1,1,1,1,1,0,0,1,1,77.77777778,2,1,2,28220,2,34,1,17,0,Wednesday 2/10,2,photo,0,0,,,,,,,,,,,,,,,,77.77777778,77.77777778,0,,,
16-Feb,21.20,2:41:00 PM,3:02:12 PM,1,0,1,0,1,1,1,0,0,55.55555556,1,1,1,1,0,1,1,1,1,88.88888889,2,2,1,31980,1,22,1,12,1,Tuesday 2/16,5,photo,0,0,1,0,0,0,0,0,0,0,0,4,5,1,8,100,50,100,50,1,,,
10-Feb,139.08,12:02:00 PM,2:21:05 PM,1,1,1,0,1,0,0,1,0,55.55555556,1,1,0,1,1,1,0,1,1,77.77777778,2,1,1,32175,2,25,0,.,0,Wednesday 2/10,2,nophoto,0,0,,,,,,,,,,,,,,,,77.77777778,77.77777778,,,,
16-Feb,18.62,3:45:00 PM,4:03:37 PM,0,1,1,1,1,1,1,1,1,88.88888889,0,1,0,1,1,0,0,1,0,44.44444444,2,2,1,33282,2,23,0,.,1,Tuesday 2/16,5,nophoto,0,0,,,,,,,,,,,,,,,,44.44444444,44.44444444,,,,
10-Feb,22.62,2:39:00 PM,3:01:37 PM,1,1,1,1,1,1,1,1,1,100,1,1,0,0,0,0,0,1,1,44.44444444,2,1,4,33839,1,26,0,.,1,Wednesday 2/10,2,nophoto,0,0,,,,,,,,,,,,,,,,44.44444444,44.44444444,,,,
16-Feb,21.28,4:12:00 PM,4:33:17 PM,1,1,1,1,1,1,1,1,1,100,1,1,1,0,0,0,0,1,1,55.55555556,1,2,3,34611,1,27,0,.,1,Tuesday 2/16,5,nophoto,0,0,,,,,,,,,,,,,,,,55.55555556,55.55555556,,,,
9-Feb,17.10,1:20:00 PM,1:37:06 PM,1,1,1,1,0,1,1,1,1,88.88888889,1,1,0,0,0,0,0,1,1,44.44444444,2,2,1,34984,2,22,0,.,1,Tuesday 2/9,1,nophoto,0,0,,,,,,,,,,,,,,,,44.44444444,44.44444444,,,,
10-Feb,17.85,12:02:00 PM,12:19:51 PM,0,1,0,1,1,1,1,1,1,77.77777778,1,1,0,0,1,1,0,0,0,44.44444444,2,2,1,35069,2,22,0,.,1,Wednesday 2/10,2,nophoto,0,0,,,,,,,,,,,,,,,,44.44444444,44.44444444,,,,
9-Feb,20.52,10:19:00 AM,10:39:31 AM,0,1,0,0,0,1,0,1,1,44.44444444,1,1,0,1,1,1,1,1,0,77.77777778,2,1,1,35153,2,21,1,3,1,Tuesday 2/9,1,photo,0,0,0,0,0,0,0,0,0,0,0,6,6,0,9,,44.44444444,,44.44444444,1,,,
11-Feb,19.38,3:03:00 PM,3:22:23 PM,1,1,1,0,1,1,1,1,1,88.88888889,1,0,1,0,1,1,0,1,1,66.66666667,2,2,2,35161,1,21,1,8,1,Thursday 2/11,3,photo,0,0,,,,,,,,,,,,,,,,66.66666667,66.66666667,0,,,
16-Feb,18.05,3:15:00 PM,3:33:03 PM,1,1,0,1,1,1,1,1,1,88.88888889,0,1,0,1,1,0,1,1,1,66.66666667,2,1,1,35183,2,21,0,.,1,Tuesday 2/16,5,nophoto,0,0,,,,,,,,,,,,,,,,66.66666667,66.66666667,,,,
17-Feb,16.82,3:07:00 PM,3:23:49 PM,1,0,1,1,1,1,0,0,0,55.55555556,1,1,1,0,1,1,0,1,1,77.77777778,2,2,1,35194,2,22,1,8,1,Wednesday 2/17,6,photo,0,0,0,0,0,1,0,0,0,0,0,7,8,1,8,0,50,0,50,1,,,
16-Feb,19.68,10:41:00 AM,11:00:41 AM,1,1,0,1,1,1,0,1,1,77.77777778,1,1,1,0,1,1,0,1,0,66.66666667,2,1,1,35334,2,22,1,5,1,Tuesday 2/16,5,photo,0,0,0,1,0,0,0,0,0,0,0,4,5,1,8,100,75,100,75,1,,,
12-Feb,24.03,2:07:00 PM,2:31:02 PM,1,1,1,1,0,1,1,0,1,77.77777778,1,1,1,1,1,0,1,1,0,77.77777778,2,2,1,35365,2,22,1,8,1,Friday 2/12,4,photo,0,0,0,0,0,1,0,0,0,0,0,7,8,1,8,100,75,100,75,1,,,
10-Feb,17.17,2:04:00 PM,2:21:10 PM,0,0,1,1,1,1,1,1,1,77.77777778,1,0,0,0,1,0,0,1,0,33.33333333,2,2,1,35396,2,21,0,.,1,Wednesday 2/10,2,nophoto,0,0,,,,,,,,,,,,,,,,33.33333333,33.33333333,,,,
17-Feb,,,2:08:23 PM,1,1,1,0,0,1,1,1,1,77.77777778,1,1,1,1,1,1,1,1,0,88.88888889,2,1,1,35397,2,23,1,5,1,.,6,photo,.,,1,1,0,1,0,1,0,0,0,1,5,4,5,100,80,100,80,1,,,
10-Feb,16.73,12:43:00 PM,12:59:44 PM,1,0,1,1,1,1,0,1,1,77.77777778,1,1,1,1,1,1,1,1,0,88.88888889,1,1,5,35448,2,21,0,.,1,Wednesday 2/10,2,nophoto,0,0,,,,,,,,,,,,,,,,88.88888889,88.88888889,,,,
17-Feb,18.28,1:36:00 PM,1:54:17 PM,1,0,1,1,0,1,1,1,1,77.77777778,1,1,1,0,0,0,0,1,0,44.44444444,2,2,1,35465,2,21,1,8,1,Wednesday 2/17,6,photo,0,0,0,1,0,0,0,0,0,0,0,7,8,1,8,100,87.5,100,87.5,1,,,
11-Feb,21.17,11:25:00 AM,11:46:10 AM,1,1,1,0,0,1,1,1,1,77.77777778,0,1,1,0,0,1,0,1,0,44.44444444,2,1,1,35467,2,21,0,.,1,Thursday 2/11,3,nophoto,0,0,,,,,,,,,,,,,,,,44.44444444,44.44444444,,,,
10-Feb,20.38,10:39:00 AM,10:59:23 AM,1,1,1,1,1,1,0,1,1,88.88888889,1,1,0,1,0,1,0,0,0,44.44444444,2,1,2,35477,1,22,0,.,1,Wednesday 2/10,2,nophoto,0,0,,,,,,,,,,,,,,,,44.44444444,44.44444444,,,,
16-Feb,18.30,1:35:00 PM,1:53:18 PM,1,1,1,0,1,1,1,1,1,88.88888889,1,1,0,1,0,1,0,1,0,55.55555556,2,2,1,35497,2,21,0,.,1,Tuesday 2/16,5,nophoto,0,0,,,,,,,,,,,,,,,,55.55555556,55.55555556,,,,
10-Feb,18.55,2:09:00 PM,2:27:33 PM,0,0,0,1,0,1,1,0,1,44.44444444,0,1,0,0,1,1,0,1,0,44.44444444,2,2,3,35536,1,21,0,.,1,Wednesday 2/10,2,nophoto,0,0,,,,,,,,,,,,,,,,44.44444444,44.44444444,,,,
9-Feb,23.00,2:24:00 PM,2:47:00 PM,1,1,1,0,1,1,1,1,1,88.88888889,1,1,1,1,0,1,1,1,0,77.77777778,2,2,3,35539,1,22,1,7,1,Tuesday 2/9,1,photo,0,0,,,,,,,,,,,,,,,,77.77777778,77.77777778,0,,,
11-Feb,17.98,2:38:00 PM,2:55:59 PM,0,0,0,0,1,1,0,0,1,33.33333333,1,1,0,0,1,0,0,1,1,55.55555556,2,2,1,35573,2,22,0,.,1,Thursday 2/11,3,nophoto,0,0,,,,,,,,,,,,,,,,55.55555556,55.55555556,,,,
17-Feb,18.78,12:38:00 PM,12:56:47 PM,0,1,1,1,1,1,1,1,1,88.88888889,0,1,0,0,1,0,1,1,1,55.55555556,1,1,1,35580,1,21,0,.,1,Wednesday 2/17,6,nophoto,0,0,,,,,,,,,,,,,,,,55.55555556,55.55555556,,,,
11-Feb,18.30,3:24:00 PM,3:42:18 PM,1,1,1,1,0,1,1,1,0,77.77777778,1,1,0,1,0,0,0,1,1,55.55555556,2,2,5,35585,1,21,1,6,1,Thursday 2/11,3,photo,0,0,0,1,0,0,0,0,0,0,0,6,7,1,8,100,75,100,75,1,,,
11-Feb,19.00,10:24:00 AM,10:43:00 AM,1,0,0,1,1,1,1,0,1,66.66666667,1,1,1,0,0,0,1,1,0,55.55555556,2,1,1,35661,2,22,0,.,1,Friday 2/12,4,nophoto,0,0,,,,,,,,,,,,,,,,55.55555556,55.55555556,,,,
10-Feb,18.78,12:58:00 PM,1:16:47 PM,1,1,1,0,0,0,1,0,0,44.44444444,1,1,0,0,0,0,0,1,0,33.33333333,2,1,2,35687,1,21,1,8,1,Wednesday 2/10,2,photo,0,0,1,0,0,0,0,0,0,0,0,9,10,1,8,100,37.5,100,37.5,1,,,
12-Feb,22.20,10:54:00 AM,11:16:12 AM,1,1,1,1,1,1,1,1,1,100,1,1,0,1,1,1,0,1,0,66.66666667,2,2,1,35703,2,21,0,.,1,Friday 2/12,4,nophoto,0,0,,,,,,,,,,,,,,,,66.66666667,66.66666667,,,,
11-Feb,20.22,11:03:00 AM,11:23:13 AM,0,0,1,1,1,1,0,1,0,55.55555556,1,1,1,1,1,1,0,1,1,88.88888889,2,1,2,35788,2,21,1,3,1,Thursday 2/11,3,nophoto,0,0,,,,,,,,,,,,,,,,88.88888889,88.88888889,,,,
11-Feb,17.63,11:39:00 AM,11:56:38 AM,1,1,1,1,0,1,0,1,0,66.66666667,1,0,1,1,1,1,0,1,1,77.77777778,2,2,1,35836,1,21,0,.,1,Thursday 2/11,3,nophoto,0,0,,,,,,,,,,,,,,,,77.77777778,77.77777778,,,,
9-Feb,16.10,1:05:00 PM,1:21:06 PM,1,1,0,1,1,1,0,1,1,77.77777778,1,0,1,0,0,0,0,0,1,33.33333333,2,2,1,35919,1,21,0,.,1,Tuesday 2/9,1,nophoto,0,0,,,,,,,,,,,,,,,,33.33333333,33.33333333,,,,
10-Feb,17.78,1:37:00 PM,1:54:47 PM,1,1,0,0,1,1,1,0,0,55.55555556,1,1,1,0,1,1,0,1,0,66.66666667,2,2,1,35949,1,22,1,10,1,Wednesday 2/10,2,photo,0,0,,,,,,,,,,,,,,,,66.66666667,66.66666667,0,,,
12-Feb,16.85,3:43:00 PM,3:59:51 PM,0,1,1,1,1,1,0,0,0,55.55555556,1,1,0,0,0,1,0,0,0,33.33333333,1,2,1,36013,2,21,0,.,1,Friday 2/12,4,nophoto,0,0,,,,,,,,,,,,,,,,33.33333333,33.33333333,,,,
16-Feb,19.07,3:24:00 PM,3:43:04 PM,1,1,1,0,0,0,0,1,1,55.55555556,1,0,0,1,0,0,0,0,1,33.33333333,2,2,1,36160,2,22,0,.,1,Tuesday 2/16,5,nophoto,0,0,,,,,,,,,,,,,,,,33.33333333,33.33333333,,,,
11-Feb,18.78,1:52:00 PM,2:10:47 PM,0,0,1,1,1,0,1,0,1,55.55555556,1,1,0,1,1,0,0,1,0,55.55555556,2,2,1,36173,2,22,0,.,1,Thursday 2/11,3,nophoto,0,0,,,,,,,,,,,,,,,,55.55555556,55.55555556,,,,
17-Feb,17.37,1:57:00 PM,2:14:22 PM,1,0,1,0,1,1,0,1,1,66.66666667,1,1,0,0,1,0,1,0,1,55.55555556,2,2,1,36204,2,21,1,10,1,Wednesday 2/17,6,photo,0,0,1,0,1,0,0,0,1,0,0,7,10,3,6,66.66666667,66.66666667,66.66666667,66.66666667,1,,,
17-Feb,17.20,12:46:00 PM,1:03:12 PM,1,1,0,1,1,1,0,0,0,55.55555556,1,1,1,1,1,1,0,0,1,77.77777778,2,2,2,36211,2,21,0,.,1,Wednesday 2/17,6,nophoto,0,0,,,,,,,,,,,,,,,,77.77777778,77.77777778,,,,
16-Feb,18.77,11:40:00 AM,11:58:46 AM,1,1,1,1,1,1,1,1,1,100,1,1,1,1,1,1,0,1,0,77.77777778,2,1,1,36287,2,21,0,.,1,Tuesday 2/16,5,nophoto,0,0,,,,,,,,,,,,,,,,77.77777778,77.77777778,,,,
16-Feb,18.68,1:41:00 PM,1:59:41 PM,1,1,0,0,1,1,1,1,1,77.77777778,0,1,1,0,0,1,1,0,1,55.55555556,2,1,1,36314,2,21,0,.,1,Tuesday 2/16,5,nophoto,0,0,,,,,,,,,,,,,,,,55.55555556,55.55555556,,,,
17-Feb,20.62,3:23:00 PM,3:43:37 PM,0,0,1,1,0,0,0,1,1,44.44444444,1,1,1,0,1,1,1,1,1,88.88888889,2,2,1,36363,3,21,1,14,1,Wednesday 2/17,6,photo,0,0,,,,,,,,,,,,,,,,88.88888889,88.88888889,0,,,
9-Feb,18.45,11:04:00 AM,11:22:27 AM,1,0,1,1,1,1,1,0,1,77.77777778,1,0,1,0,0,0,0,1,0,33.33333333,2,1,1,36372,2,21,0,.,1,Tuesday 2/9,1,nophoto,0,0,,,,,,,,,,,,,,,,33.33333333,33.33333333,,,,
9-Feb,17.47,12:20:00 PM,12:37:28 PM,1,1,0,0,1,1,1,0,0,55.55555556,0,1,0,0,0,1,0,1,1,44.44444444,2,1,1,36392,2,21,1,5,1,Tuesday 2/9,1,photo,0,0,0,0,0,0,0,0,0,0,0,5,5,0,9,,55.55555556,,55.55555556,1,,,
9-Feb,16.67,12:05:00 PM,12:21:40 PM,1,1,1,1,1,1,1,1,1,100,1,1,1,1,1,1,1,1,1,100,2,2,1,36484,2,21,1,6,1,Tuesday 2/9,1,photo,0,0,1,0,0,0,0,0,0,0,0,5,6,1,8,100,100,100,100,1,,,
9-Feb,19.42,1:03:00 PM,1:22:25 PM,0,1,1,1,1,1,0,0,1,66.66666667,1,1,1,0,0,1,0,1,0,55.55555556,2,2,1,36515,2,21,0,.,1,Tuesday 2/9,1,nophoto,0,0,,,,,,,,,,,,,,,,55.55555556,55.55555556,,,,
12-Feb,33.03,10:56:00 AM,11:29:02 AM,0,1,1,1,1,1,1,1,1,88.88888889,1,1,0,1,1,0,0,1,1,66.66666667,2,2,1,36634,2,21,0,.,1,Friday 2/12,4,nophoto,0,0,,,,,,,,,,,,,,,,66.66666667,66.66666667,,,,
16-Feb,20.37,10:19:00 AM,10:39:22 AM,1,1,1,1,1,1,1,1,1,100,1,1,1,0,1,0,1,1,0,66.66666667,2,1,4,36654,1,21,1,5,1,Tuesday 2/16,5,photo,0,0,0,1,0,1,0,1,0,0,1,1,5,4,5,25,100,25,100,1,,,
16-Feb,18.05,12:19:00 PM,12:37:03 PM,1,1,1,1,1,1,1,1,0,88.88888889,1,1,0,1,0,1,0,1,0,55.55555556,2,1,3,36659,2,21,1,8,1,Tuesday 2/16,5,photo,0,0,1,1,0,0,0,0,0,0,0,6,8,2,7,100,85.71428571,100,85.71428571,1,,,
11-Feb,19.10,10:24:00 AM,10:43:06 AM,1,0,1,1,1,1,1,1,1,88.88888889,1,1,0,0,0,1,0,1,1,55.55555556,2,1,1,36722,1,22,0,.,1,Friday 2/12,4,nophoto,0,0,,,,,,,,,,,,,,,,55.55555556,55.55555556,,,,
11-Feb,18.45,3:15:00 PM,3:33:27 PM,1,1,1,1,1,1,1,0,1,88.88888889,1,0,1,1,1,0,0,0,0,44.44444444,2,1,1,36735,2,21,1,5,1,Thursday 2/11,3,photo,0,0,1,0,0,0,0,0,0,0,0,3,4,1,8,100,87.5,100,87.5,1,,,
10-Feb,16.10,1:24:00 PM,1:40:06 PM,0,1,1,1,1,0,1,0,1,66.66666667,1,1,0,0,1,1,0,0,0,44.44444444,2,1,1,36789,2,21,1,6,1,Wednesday 2/10,2,photo,0,0,,,,,,,,,,,,,,,,44.44444444,44.44444444,0,,,
11-Feb,21.58,12:39:00 PM,1:00:35 PM,1,0,0,1,0,1,1,1,1,66.66666667,1,1,1,0,0,1,1,0,0,55.55555556,2,2,1,36816,1,23,1,6,1,Thursday 2/11,3,photo,0,0,0,0,0,0,0,0,0,0,0,1,1,0,9,.,66.66666667,,66.66666667,1,,,
16-Feb,23.30,1:12:00 PM,1:35:18 PM,1,1,0,0,0,0,1,1,1,55.55555556,1,1,1,0,0,0,1,1,1,66.66666667,2,1,1,36834,1,22,0,.,1,Tuesday 2/16,5,nophoto,0,0,,,,,,,,,,,,,,,,66.66666667,66.66666667,,,,
17-Feb,19.48,2:18:00 PM,2:37:29 PM,1,1,1,1,1,1,1,0,1,88.88888889,1,1,0,1,1,1,0,1,1,77.77777778,2,1,1,36954,2,22,0,.,1,Wednesday 2/17,6,nophoto,0,0,,,,,,,,,,,,,,,,77.77777778,77.77777778,,,,
9-Feb,18.52,4:26:00 PM,4:44:31 PM,0,0,0,1,1,1,0,1,1,55.55555556,1,1,0,0,0,0,1,1,1,55.55555556,2,2,1,37108,1,21,1,5,1,Tuesday 2/9,1,photo,0,0,1,0,0,0,0,0,0,0,0,4,5,1,8,100,62.5,100,62.5,1,,,
9-Feb,19.28,1:56:00 PM,2:15:17 PM,1,1,1,1,1,1,1,0,1,88.88888889,1,1,0,0,1,0,1,1,1,66.66666667,2,2,1,37440,2,21,0,.,1,Tuesday 2/9,1,nophoto,0,0,,,,,,,,,,,,,,,,66.66666667,66.66666667,,,,
10-Feb,22.17,11:03:00 AM,11:25:10 AM,0,1,1,0,1,0,1,0,1,55.55555556,1,1,0,1,1,1,1,0,1,77.77777778,1,2,1,37536,1,22,0,.,1,Wednesday 2/10,2,photo,iPod issue,1,,,,,,,,,,,,,,,,77.77777778,77.77777778,0,,,
9-Feb,17.35,1:39:00 PM,1:56:21 PM,0,1,1,0,1,1,1,0,1,66.66666667,1,1,0,0,1,0,0,1,0,44.44444444,2,2,1,37665,2,21,0,.,1,Tuesday 2/9,1,nophoto,0,0,,,,,,,,,,,,,,,,44.44444444,44.44444444,,,,
9-Feb,17.95,1:37:00 PM,1:54:57 PM,1,1,1,1,0,1,1,1,1,88.88888889,1,1,1,0,1,0,0,1,1,66.66666667,2,2,1,37747,2,22,0,.,1,Tuesday 2/9,1,nophoto,0,0,,,,,,,,,,,,,,,,66.66666667,66.66666667,,,,
17-Feb,19.40,10:25:00 AM,10:44:24 AM,1,0,0,1,0,1,0,1,0,44.44444444,1,1,1,1,0,0,0,1,0,55.55555556,2,1,3,37781,2,22,0,.,1,Wednesday 2/17,6,nophoto,0,0,,,,,,,,,,,,,,,,55.55555556,55.55555556,,,,
11-Feb,22.18,12:38:00 PM,1:00:11 PM,1,1,0,1,0,1,0,1,1,66.66666667,1,1,1,1,1,0,0,1,0,66.66666667,2,1,1,37843,2,22,1,10,1,Thursday 2/11,3,photo,0,0,,,,,,,,,,,,,,,,66.66666667,66.66666667,0,,,
10-Feb,29.82,3:59:00 PM,4:28:49 PM,1,1,1,1,1,1,1,1,1,100,1,1,0,1,1,1,1,1,1,88.88888889,2,1,5,37967,2,20,1,7,1,Wednesday 2/10,2,photo,0,0,,,,,,,,,,,,,,,,88.88888889,88.88888889,0,,,
11-Feb,18.05,4:04:00 PM,4:22:03 PM,0,0,1,1,1,1,1,1,1,77.77777778,1,1,0,0,1,0,0,1,1,55.55555556,2,1,1,38139,1,21,0,.,1,Thursday 2/11,3,nophoto,0,0,,,,,,,,,,,,,,,,55.55555556,55.55555556,,,,
11-Feb,18.00,2:22:00 PM,2:40:00 PM,1,1,1,0,1,1,1,0,0,66.66666667,1,1,0,1,0,1,1,1,0,66.66666667,2,2,2,38149,2,20,0,.,1,Thursday 2/11,3,nophoto,0,0,,,,,,,,,,,,,,,,66.66666667,66.66666667,,,,
9-Feb,20.23,10:19:00 AM,10:39:14 AM,1,1,1,1,1,1,1,1,1,100,1,1,0,1,1,1,1,1,1,88.88888889,2,2,2,38179,2,22,1,3,1,Tuesday 2/9,1,photo,0,0,1,0,0,0,0,0,0,0,0,2,3,1,8,100,100,100,100,1,,,
17-Feb,16.23,2:37:00 PM,2:53:14 PM,1,1,1,1,1,1,1,1,0,88.88888889,1,1,0,0,0,0,1,1,1,55.55555556,2,2,1,38284,2,22,0,.,1,Wednesday 2/17,6,nophoto,0,0,,,,,,,,,,,,,,,,55.55555556,55.55555556,,,,
12-Feb,19.50,3:16:00 PM,3:35:30 PM,1,1,0,0,1,1,1,1,1,77.77777778,1,0,0,1,1,1,1,1,0,66.66666667,2,2,1,38360,2,21,0,.,1,Friday 2/12,4,nophoto,0,0,,,,,,,,,,,,,,,,66.66666667,66.66666667,,,,
11-Feb,18.80,4:20:00 PM,4:38:48 PM,1,1,1,1,1,1,1,1,1,100,1,1,1,1,0,0,1,1,0,66.66666667,2,1,1,38361,2,20,0,.,1,Thursday 2/11,3,nophoto,0,0,,,,,,,,,,,,,,,,66.66666667,66.66666667,,,,
10-Feb,29.58,10:27:00 AM,10:56:35 AM,1,1,1,1,1,1,1,1,1,100,1,1,0,1,0,0,0,1,1,55.55555556,2,1,1,38370,2,22,0,.,1,Wednesday 2/10,2,nophoto,0,0,,,,,,,,,,,,,,,,55.55555556,55.55555556,,,,
17-Feb,24.20,3:43:00 PM,4:07:12 PM,1,1,1,1,1,1,1,1,1,100,1,1,1,1,1,0,0,1,1,77.77777778,2,2,1,38515,1,21,1,6,1,Wednesday 2/17,6,photo,0,0,1,1,1,0,0,0,0,0,0,6,9,3,6,100,100,100,100,1,,,
9-Feb,19.78,11:18:00 AM,11:37:47 AM,1,1,0,1,1,1,1,1,0,77.77777778,0,1,0,1,0,0,0,1,0,33.33333333,2,2,1,38531,2,21,0,.,1,Tuesday 2/9,1,nophoto,0,0,,,,,,,,,,,,,,,,33.33333333,33.33333333,,,,
12-Feb,26.23,2:02:00 PM,2:28:14 PM,1,0,1,1,1,1,1,0,1,77.77777778,1,1,0,0,0,0,1,1,0,44.44444444,1,2,2,38642,2,26,0,.,1,Friday 2/12,4,nophoto,didn't bring a phone,1,,,,,,,,,,,,,,,,44.44444444,44.44444444,,,,
12-Feb,20.10,2:18:00 PM,2:38:06 PM,1,1,1,1,1,1,1,1,1,100,1,1,0,1,1,1,1,1,0,77.77777778,2,1,4,38679,2,22,1,4,1,Friday 2/12,4,photo,0,0,0,1,0,0,0,0,0,0,0,3,4,1,8,100,100,100,100,1,,,
10-Feb,21.05,11:37:00 AM,11:58:03 AM,0,1,1,1,1,1,1,0,0,66.66666667,1,1,0,0,1,1,1,1,0,66.66666667,2,2,1,38688,2,20,1,6,1,Wednesday 2/10,2,photo,0,0,0,0,0,0,0,0,1,0,0,5,6,1,8,100,62.5,100,62.5,1,,,
9-Feb,21.93,12:35:00 PM,12:56:56 PM,1,1,1,1,1,1,1,1,1,100,1,1,1,1,1,0,0,1,1,77.77777778,2,2,1,38890,1,23,1,8,1,Tuesday 2/9,1,photo,0,0,0,0,0,0,0,0,0,0,0,4,4,0,9,,100,,100,1,,,
11-Feb,18.00,10:24:00 AM,10:42:00 AM,1,1,1,1,1,1,1,1,1,100,1,1,0,0,1,0,1,1,1,66.66666667,2,1,1,38999,2,21,1,7,1,Thursday 2/11,3,photo,0,0,0,1,0,0,0,0,0,0,0,5,7,1,8,100,100,100,100,1,,,
17-Feb,20.63,3:23:00 PM,3:43:38 PM,1,1,1,1,1,1,1,1,1,100,1,0,1,1,0,1,1,0,1,66.66666667,2,2,1,39029,1,22,1,6,1,Wednesday 2/17,6,photo,0,0,1,1,0,0,0,0,1,0,1,3,7,4,5,75,100,75,100,1,,,
10-Feb,21.72,11:03:00 AM,11:24:43 AM,1,1,1,1,1,1,1,1,1,100,1,1,0,1,0,1,0,1,0,55.55555556,2,2,3,39122,1,22,0,.,1,Wednesday 2/10,2,photo,0,0,,,,,,,,,,,,,,,,55.55555556,55.55555556,0,,,
11-Feb,16.23,11:45:00 AM,12:01:14 PM,1,1,0,1,1,1,1,1,1,88.88888889,1,0,1,0,1,0,0,1,0,44.44444444,2,2,1,39151,1,20,0,.,1,Thursday 2/11,3,nophoto,0,0,,,,,,,,,,,,,,,,44.44444444,44.44444444,,,,
10-Feb,21.42,11:39:00 AM,12:00:25 PM,1,1,1,1,1,1,1,1,0,88.88888889,1,1,0,1,0,0,1,1,0,55.55555556,1,2,2,39178,1,22,1,5,1,Wednesday 2/10,2,photo,0,0,0,0,0,1,0,0,0,1,0,3,5,2,7,100,85.71428571,100,85.71428571,1,,,
12-Feb,21.83,2:02:00 PM,2:23:50 PM,1,1,1,0,1,1,1,1,1,88.88888889,1,1,1,1,1,0,0,1,0,66.66666667,2,2,1,39194,2,20,1,20,1,Friday 2/12,4,photo,0,0,1,1,0,1,0,1,0,0,1,13,20,5,4,60,100,60,100,1,,,
10-Feb,18.30,1:59:00 PM,2:17:18 PM,0,1,1,1,1,1,1,0,1,77.77777778,1,1,1,1,0,1,1,1,1,88.88888889,2,2,1,39214,2,20,0,.,1,Wednesday 2/10,2,nophoto,0,0,,,,,,,,,,,,,,,,88.88888889,88.88888889,,,,
16-Feb,19.82,10:23:00 AM,10:42:49 AM,1,0,0,1,1,1,0,1,1,66.66666667,1,1,0,1,1,1,1,1,0,77.77777778,2,1,1,39241,2,21,1,8,1,Tuesday 2/16,5,photo,0,0,0,1,0,0,0,0,0,0,0,4,5,1,8,100,75,100,75,1,,,
11-Feb,21.32,3:42:00 PM,4:03:19 PM,1,1,1,1,1,1,0,1,1,88.88888889,1,1,0,1,1,0,1,1,1,77.77777778,1,1,1,39292,1,21,1,9,1,Thursday 2/11,3,photo,0,0,,,,,,,,,,,,,,,,77.77777778,77.77777778,0,,,
16-Feb,18.12,1:40:00 PM,1:58:07 PM,1,1,1,1,1,1,0,1,1,88.88888889,0,0,0,1,1,0,0,0,0,22.22222222,2,1,2,39303,1,22,0,.,1,Tuesday 2/16,5,nophoto,0,0,,,,,,,,,,,,,,,,22.22222222,22.22222222,,,,
9-Feb,20.20,11:02:00 AM,11:22:12 AM,1,1,1,0,1,1,1,1,1,88.88888889,0,1,1,1,1,0,0,1,0,55.55555556,2,1,1,39339,1,21,0,.,1,Tuesday 2/9,1,nophoto,0,0,,,,,,,,,,,,,,,,55.55555556,55.55555556,,,,
16-Feb,17.13,3:56:00 PM,4:13:08 PM,1,0,1,1,0,1,0,0,1,55.55555556,1,1,0,0,0,0,1,0,1,44.44444444,2,1,3,39349,2,21,0,.,1,Tuesday 2/16,5,nophoto,0,0,,,,,,,,,,,,,,,,44.44444444,44.44444444,,,,
16-Feb,18.42,4:10:00 PM,4:28:25 PM,1,1,1,1,1,1,0,1,1,88.88888889,1,1,1,1,0,0,1,1,0,66.66666667,2,1,1,39410,2,21,0,.,1,Tuesday 2/16,5,nophoto,0,0,,,,,,,,,,,,,,,,66.66666667,66.66666667,,,,
10-Feb,,,12:03:54 PM,1,0,1,1,0,1,1,0,1,66.66666667,1,1,1,0,1,1,0,1,1,77.77777778,2,1,2,39527,1,22,1,5,1,Wednesday 2/10,2,nophoto,0,0,,,,,,,,,,,,,,,,77.77777778,77.77777778,,,,
10-Feb,13.78,2:34:00 PM,2:47:47 PM,1,0,1,0,1,1,1,1,0,66.66666667,1,1,0,0,1,0,0,0,1,44.44444444,2,2,4,39702,1,21,0,.,1,Wednesday 2/10,2,nophoto,0,0,,,,,,,,,,,,,,,,44.44444444,44.44444444,,,,
17-Feb,15.25,12:48:00 PM,1:03:15 PM,1,1,0,1,1,1,0,1,1,77.77777778,1,1,1,1,1,1,0,1,0,77.77777778,2,1,2,39902,2,21,0,.,1,Wednesday 2/17,6,nophoto,0,0,,,,,,,,,,,,,,,,77.77777778,77.77777778,,,,
10-Feb,18.63,2:39:00 PM,2:57:38 PM,1,1,0,1,1,1,1,1,1,88.88888889,1,0,0,1,1,0,0,1,1,55.55555556,1,2,3,39906,2,21,0,.,1,Wednesday 2/10,2,nophoto,0,0,,,,,,,,,,,,,,,,55.55555556,55.55555556,,,,
17-Feb,18.78,1:57:00 PM,2:15:47 PM,1,1,1,1,1,1,1,1,1,100,1,1,1,1,1,1,1,0,1,88.88888889,2,1,1,40200,2,22,1,5,1,Wednesday 2/17,6,photo,0,0,,,,,,,,,,,,,,,,88.88888889,88.88888889,0,,,
16-Feb,20.22,10:19:00 AM,10:39:13 AM,1,1,1,0,1,1,0,1,0,66.66666667,0,1,0,1,1,0,0,1,1,55.55555556,2,2,1,40248,1,22,1,5,0,Tuesday 2/16,5,photo,0,0,1,1,0,0,0,1,0,0,0,2,5,3,6,33.33333333,50,33.33333333,50,1,,,
9-Feb,19.72,4:00:00 PM,4:19:43 PM,1,1,1,0,1,1,1,0,1,77.77777778,1,1,1,1,1,1,1,1,0,88.88888889,2,2,2,40271,2,20,1,11,1,Tuesday 2/9,1,photo,0,0,1,1,0,0,0,0,0,0,0,9,11,2,7,100,71.42857143,100,71.42857143,1,,,
17-Feb,20.78,11:26:00 AM,11:46:47 AM,1,1,0,0,0,1,1,1,1,66.66666667,1,1,0,1,1,1,0,1,0,66.66666667,1,1,2,40281,2,20,1,6,1,Wednesday 2/17,6,photo,0,0,1,0,0,1,0,0,0,0,0,2,4,2,7,100,71.42857143,100,71.42857143,1,,,
10-Feb,26.60,3:42:00 PM,4:08:36 PM,0,1,0,1,1,1,0,1,1,66.66666667,1,1,0,1,1,0,1,1,0,66.66666667,2,2,1,40282,2,19,1,7,0,Wednesday 2/10,2,photo,0,0,1,0,0,0,0,0,0,0,0,4,5,1,8,100,75,100,75,1,,,
17-Feb,19.58,12:08:00 PM,12:27:35 PM,1,0,1,1,1,1,1,1,1,88.88888889,0,1,1,0,1,0,1,1,1,66.66666667,2,1,1,40288,2,20,0,.,1,Wednesday 2/17,6,nophoto,0,0,,,,,,,,,,,,,,,,66.66666667,66.66666667,,,,
10-Feb,18.28,12:58:00 PM,1:16:17 PM,1,1,1,0,1,1,0,1,1,77.77777778,1,1,1,0,1,0,0,0,0,44.44444444,2,2,2,40318,2,20,1,5,1,Wednesday 2/10,2,photo,0,0,0,0,0,1,0,0,0,0,0,4,5,1,8,0,87.5,0,87.5,1,,,
9-Feb,17.83,2:58:00 PM,3:15:50 PM,0,0,1,0,1,0,0,1,1,44.44444444,1,1,1,1,1,0,1,0,1,77.77777778,1,1,2,40337,2,20,1,6,1,Tuesday 2/9,1,photo,0,0,0,1,0,0,0,0,0,0,0,5,6,1,8,100,50,100,50,1,,,
17-Feb,18.53,11:26:00 AM,11:44:32 AM,1,0,0,1,0,1,1,0,1,55.55555556,0,1,1,1,0,0,1,1,1,66.66666667,2,2,1,40348,2,19,1,5,1,Wednesday 2/17,6,photo,0,0,0,0,0,0,1,0,0,1,0,3,5,2,7,50,71.42857143,50,71.42857143,1,,,
9-Feb,17.08,4:00:00 PM,4:17:05 PM,1,1,1,1,1,1,1,0,1,88.88888889,1,1,0,1,1,0,1,1,0,66.66666667,2,1,3,40358,2,20,1,7,1,Tuesday 2/9,1,photo,0,0,0,0,0,0,0,0,0,0,0,5,5,0,9,,88.88888889,,88.88888889,1,,,
10-Feb,21.93,3:21:00 PM,3:42:56 PM,1,0,1,0,1,1,0,1,1,66.66666667,1,1,1,1,0,1,0,1,1,77.77777778,2,2,1,40473,2,20,1,16,1,Wednesday 2/10,2,photo,0,0,,,,,,,,,,,,,,,,77.77777778,77.77777778,0,,,
9-Feb,18.32,2:16:00 PM,2:34:19 PM,1,0,1,1,0,1,1,1,1,77.77777778,1,0,0,1,0,0,1,0,1,44.44444444,2,2,1,40555,2,19,1,5,1,Tuesday 2/9,1,photo,0,0,1,0,0,0,0,0,0,0,0,4,5,1,8,100,75,100,75,1,,,
16-Feb,22.02,12:02:00 PM,12:24:01 PM,0,1,0,1,1,1,0,0,0,44.44444444,1,1,0,1,1,1,1,1,0,77.77777778,2,2,1,40563,2,21,1,8,0,Tuesday 2/16,5,photo,0,0,,,,,,,,,,,,,,,,77.77777778,77.77777778,0,,,
16-Feb,32.25,12:04:00 PM,12:36:15 PM,0,1,1,0,1,1,1,0,1,66.66666667,1,1,0,0,0,0,0,1,0,33.33333333,2,2,4,40584,2,20,1,7,1,Tuesday 2/16,5,photo,0,0,,,,,,,,,,,,,,,,33.33333333,33.33333333,0,,,
16-Feb,16.93,3:25:00 PM,3:41:56 PM,1,1,1,1,0,1,1,1,1,88.88888889,1,1,0,1,1,0,1,1,0,66.66666667,2,2,2,40603,1,20,0,.,1,Tuesday 2/16,5,nophoto,0,0,,,,,,,,,,,,,,,,66.66666667,66.66666667,,,,
11-Feb,19.62,1:46:00 PM,2:05:37 PM,1,1,1,0,1,1,1,1,1,88.88888889,1,1,0,1,1,0,0,1,0,55.55555556,2,2,1,40643,2,19,0,.,1,Thursday 2/11,3,nophoto,0,0,,,,,,,,,,,,,,,,55.55555556,55.55555556,,,,
10-Feb,20.78,4:02:00 PM,4:22:47 PM,0,0,1,0,0,1,1,1,1,55.55555556,1,0,0,0,0,1,1,1,0,44.44444444,2,2,1,40683,1,21,0,.,0,Wednesday 2/10,2,nophoto,0,0,,,,,,,,,,,,,,,,44.44444444,44.44444444,,,,
9-Feb,21.17,3:03:00 PM,3:24:10 PM,0,1,1,1,1,1,1,1,1,88.88888889,1,1,1,1,0,0,1,1,1,77.77777778,2,2,1,40686,2,19,1,5,1,Tuesday 2/9,1,photo,0,0,1,1,0,0,0,0,0,0,0,3,5,2,7,100,100,100,100,1,,,
17-Feb,18.17,1:55:00 PM,2:13:10 PM,0,0,1,1,1,1,0,0,1,55.55555556,1,1,0,0,1,0,1,1,1,66.66666667,2,2,1,40731,1,22,1,5,1,Wednesday 2/17,6,photo,0,0,,,,,,,,,,,,,,,,66.66666667,66.66666667,0,,,
10-Feb,18.32,3:37:00 PM,3:55:19 PM,1,0,0,1,1,1,1,1,1,77.77777778,0,1,0,1,1,1,1,1,0,66.66666667,2,1,1,40795,1,30,0,.,1,Wednesday 2/10,2,photo,0,0,,,,,,,,,,,,,,,,66.66666667,66.66666667,0,,,
11-Feb,27.97,4:21:00 PM,4:48:58 PM,0,1,1,1,1,1,1,1,1,88.88888889,0,1,1,1,1,0,0,0,0,44.44444444,2,2,1,40814,2,25,0,.,1,Thursday 2/11,3,nophoto,0,0,,,,,,,,,,,,,,,,44.44444444,44.44444444,,,,
12-Feb,24.25,11:24:00 AM,11:48:15 AM,1,1,1,0,1,1,0,1,1,77.77777778,1,0,1,0,1,1,1,1,1,77.77777778,2,2,1,40847,2,19,1,28,1,Friday 2/12,4,photo,0,0,,,,,,,,,,,,,,,,77.77777778,77.77777778,0,,,
12-Feb,18.50,4:27:00 PM,4:45:30 PM,1,1,0,1,1,0,0,0,0,44.44444444,1,1,1,1,1,1,0,0,1,77.77777778,2,2,1,40879,2,19,1,10,1,Friday 2/12,4,photo,0,0,1,0,1,1,0,0,0,0,0,13,16,3,6,100,33.33333333,100,33.33333333,1,,,
10-Feb,16.72,4:15:00 PM,4:31:43 PM,1,0,1,1,1,0,1,1,1,77.77777778,1,1,1,0,0,0,0,1,0,44.44444444,2,1,1,40913,2,22,0,.,1,Wednesday 2/10,2,nophoto,0,0,,,,,,,,,,,,,,,,44.44444444,44.44444444,,,,
11-Feb,13.55,2:51:00 PM,3:04:33 PM,0,1,0,1,1,1,0,1,1,66.66666667,0,1,0,1,0,0,1,1,0,44.44444444,2,2,1,40934,2,20,0,.,1,Thursday 2/11,3,nophoto,0,0,,,,,,,,,,,,,,,,44.44444444,44.44444444,,,,
10-Feb,14.98,3:02:00 PM,3:16:59 PM,0,0,0,0,0,1,1,1,1,44.44444444,0,0,0,0,0,1,0,0,0,11.11111111,2,2,1,41068,1,19,1,6,1,Wednesday 2/10,2,photo,0,0,,,,,,,,,,,,,,,,11.11111111,11.11111111,0,,,
16-Feb,19.35,1:25:00 PM,1:44:21 PM,1,1,0,1,1,1,1,1,0,77.77777778,1,1,0,0,0,1,1,1,1,66.66666667,2,2,1,41088,2,20,0,.,1,Tuesday 2/16,5,nophoto,0,0,,,,,,,,,,,,,,,,66.66666667,66.66666667,,,,
9-Feb,23.47,11:20:00 AM,11:43:28 AM,1,1,1,1,1,1,1,1,1,100,0,1,1,1,0,0,1,0,1,55.55555556,2,1,2,41134,1,22,0,.,1,Tuesday 2/9,1,nophoto,0,0,,,,,,,,,,,,,,,,55.55555556,55.55555556,,,,
16-Feb,18.03,2:41:00 PM,2:59:02 PM,1,0,0,1,1,1,1,1,1,77.77777778,1,1,0,0,1,0,0,1,0,44.44444444,2,2,1,41186,2,20,1,6,0,Tuesday 2/16,5,photo,0,0,0,0,0,0,0,0,0,0,0,7,7,0,9,,77.77777778,,77.77777778,1,,,
9-Feb,19.70,2:14:00 PM,2:33:42 PM,1,0,0,1,1,1,1,0,1,66.66666667,1,1,1,0,1,1,0,1,1,77.77777778,2,1,1,41307,2,20,1,8,1,Tuesday 2/9,1,photo,0,0,0,0,0,0,0,0,0,0,0,8,8,0,9,,66.66666667,,66.66666667,1,,,
16-Feb,17.83,1:59:00 PM,2:16:50 PM,1,0,0,1,1,1,0,1,1,66.66666667,0,1,1,0,0,1,1,1,1,66.66666667,2,2,1,41313,2,19,0,.,1,Tuesday 2/16,5,nophoto,0,0,,,,,,,,,,,,,,,,66.66666667,66.66666667,,,,
11-Feb,17.23,2:22:00 PM,2:39:14 PM,1,1,1,1,0,0,0,1,0,55.55555556,0,0,0,0,1,1,0,0,1,33.33333333,1,1,3,41323,1,20,0,.,1,Thursday 2/11,3,nophoto,0,0,,,,,,,,,,,,,,,,33.33333333,33.33333333,,,,
10-Feb,19.78,1:29:00 PM,1:48:47 PM,1,0,1,0,1,1,1,1,0,66.66666667,1,1,1,1,1,0,1,1,1,88.88888889,2,2,1,41377,1,21,1,10,1,Wednesday 2/10,2,photo,0,0,1,0,0,0,0,0,0,1,0,8,10,2,7,100,57.14285714,100,57.14285714,1,,,
10-Feb,18.18,10:27:00 AM,10:45:11 AM,1,1,1,1,1,1,1,0,1,88.88888889,0,1,0,0,1,1,1,1,1,66.66666667,2,1,1,41416,2,19,1,5,1,Wednesday 2/10,2,nophoto,0,0,,,,,,,,,,,,,,,,66.66666667,66.66666667,,,,
9-Feb,19.68,3:43:00 PM,4:02:41 PM,1,0,1,0,1,1,1,1,1,77.77777778,1,1,1,0,0,0,0,1,0,44.44444444,2,1,3,41524,1,21,0,.,1,Tuesday 2/9,1,nophoto,0,0,,,,,,,,,,,,,,,,44.44444444,44.44444444,,,,
16-Feb,19.73,2:57:00 PM,3:16:44 PM,1,1,1,0,1,1,0,0,1,66.66666667,1,1,1,0,1,1,1,1,0,77.77777778,2,2,1,41584,2,20,1,7,0,Tuesday 2/16,5,photo,0,0,1,0,0,1,0,1,0,1,0,3,7,4,5,75,80,75,80,1,,,
16-Feb,28.80,3:35:00 PM,4:03:48 PM,0,0,1,1,0,0,1,0,1,44.44444444,1,1,0,0,1,1,0,1,1,66.66666667,2,1,1,41620,1,19,0,.,1,Tuesday 2/16,5,nophoto,0,0,,,,,,,,,,,,,,,,66.66666667,66.66666667,,,,
9-Feb,20.33,11:58:00 AM,12:18:20 PM,1,1,1,0,1,0,0,1,1,66.66666667,0,1,0,1,0,0,1,1,1,55.55555556,2,1,2,41627,2,20,0,.,1,Tuesday 2/9,1,nophoto,0,0,,,,,,,,,,,,,,,,55.55555556,55.55555556,,,,
9-Feb,18.98,4:22:00 PM,4:40:59 PM,1,0,1,1,1,1,0,1,1,77.77777778,1,1,0,0,1,0,0,0,1,44.44444444,2,1,1,41654,2,18,1,5,1,Tuesday 2/9,1,photo,0,0,0,0,0,0,0,0,0,0,0,5,5,0,9,,77.77777778,,77.77777778,1,,,
16-Feb,28.17,12:53:00 PM,1:21:10 PM,0,0,1,1,1,1,1,1,1,77.77777778,1,1,0,1,1,1,1,1,1,88.88888889,2,2,2,41655,1,20,1,7,1,Tuesday 2/16,5,photo,0,0,0,1,0,0,0,1,1,0,0,6,9,3,6,100,83.33333333,100,83.33333333,1,,,
9-Feb,22.05,12:14:00 PM,12:36:03 PM,1,1,1,0,0,1,1,1,1,77.77777778,0,1,0,1,1,0,1,1,0,55.55555556,2,2,2,41719,2,21,1,14,0,Tuesday 2/9,1,photo,0,0,,,,,,,,,,,,,,,,55.55555556,55.55555556,0,,,
16-Feb,24.52,1:26:00 PM,1:50:31 PM,0,0,1,1,1,1,1,1,1,77.77777778,1,0,0,0,0,0,1,1,1,44.44444444,2,2,2,41726,2,20,0,.,1,Tuesday 2/16,5,nophoto,ID number not legible; may want to double check sign-up sheets (4172*),0,,,,,,,,,,,,,,,,44.44444444,44.44444444,,,,
11-Feb,20.58,12:18:00 PM,12:38:35 PM,1,1,1,1,1,1,1,1,1,100,1,1,1,0,1,1,1,1,1,88.88888889,2,2,1,41978,2,21,1,8,1,Thursday 2/11,3,photo,0,0,1,0,0,0,0,1,0,0,0,3,5,2,7,100,100,100,100,1,,,
10-Feb,18.92,11:24:00 AM,11:42:55 AM,1,1,1,0,1,1,1,1,1,88.88888889,1,1,0,1,0,1,1,1,0,66.66666667,2,2,2,41979,1,21,1,5,1,Wednesday 2/10,2,photo,0,0,0,1,0,1,0,1,0,0,0,2,5,3,6,100,100,100,100,1,,,
12-Feb,20.35,3:00:00 PM,3:20:21 PM,1,0,1,1,0,1,1,1,1,77.77777778,1,1,0,0,1,1,1,0,1,66.66666667,1,1,2,42023,2,20,0,.,1,Friday 2/12,4,nophoto,0,0,,,,,,,,,,,,,,,,66.66666667,66.66666667,,,,
11-Feb,21.62,12:50:00 PM,1:11:37 PM,1,0,1,0,1,1,1,1,1,77.77777778,1,1,0,1,0,1,1,1,0,66.66666667,2,2,2,42028,1,19,1,8,1,Thursday 2/11,3,photo,borrowed phone,1,,,,,,,,,,,,,,,,66.66666667,66.66666667,0,,,
17-Feb,20.12,1:23:00 PM,1:43:07 PM,0,0,0,0,1,0,0,0,0,11.11111111,1,1,1,0,1,0,1,1,1,77.77777778,2,2,1,42144,2,20,1,5,1,Wednesday 2/17,6,photo,0,0,1,1,0,0,0,0,0,0,0,3,5,2,7,100,14.28571429,100,14.28571429,1,,,
9-Feb,23.45,10:39:00 AM,11:02:27 AM,0,0,0,1,0,1,1,1,1,55.55555556,1,1,1,0,0,0,0,1,1,55.55555556,2,2,1,42247,1,22,1,6,1,Tuesday 2/9,1,photo,0,0,1,0,0,0,0,0,0,0,0,5,6,1,8,100,62.5,100,62.5,1,,,
16-Feb,18.15,11:34:00 AM,11:52:09 AM,1,0,0,0,1,1,0,1,1,55.55555556,1,1,1,1,1,0,1,1,0,77.77777778,2,1,1,42301,2,20,0,.,1,Tuesday 2/16,5,nophoto,0,0,,,,,,,,,,,,,,,,77.77777778,77.77777778,,,,
17-Feb,25.40,11:22:00 AM,11:47:24 AM,1,1,1,0,1,1,1,1,1,88.88888889,1,1,1,0,1,1,1,1,0,77.77777778,2,2,1,42304,1,21,1,6,1,Wednesday 2/17,6,photo,0,0,0,0,0,0,0,0,0,0,0,6,6,0,9,,88.88888889,,88.88888889,1,,,
11-Feb,45.40,12:05:00 PM,12:50:24 PM,1,1,1,1,1,1,0,1,1,88.88888889,0,0,0,1,1,0,1,1,1,55.55555556,2,2,1,42341,2,19,1,12,1,Thursday 2/11,3,photo,0,0,1,0,0,0,0,0,1,0,0,6,8,2,7,50,100,50,100,1,,,
11-Feb,22.95,12:42:00 PM,1:04:57 PM,1,1,1,1,1,1,1,1,1,100,1,1,1,1,0,1,0,1,1,77.77777778,2,1,1,42345,1,21,1,11,1,Thursday 2/11,3,photo,0,0,,,,,,,,,,,,,,,,77.77777778,77.77777778,0,,,
11-Feb,17.65,3:03:00 PM,3:20:39 PM,1,0,1,1,0,1,1,0,0,55.55555556,0,1,1,1,1,0,1,0,1,66.66666667,2,1,1,42407,2,19,1,5,1,Thursday 2/11,3,photo,0,0,,,,,,,,,,,,,,,,66.66666667,66.66666667,0,,,
17-Feb,36.97,11:02:00 AM,11:38:58 AM,0,1,0,0,0,1,0,1,1,44.44444444,0,1,1,1,1,0,1,0,0,55.55555556,2,1,1,42408,1,20,1,5,1,Wednesday 2/17,6,photo,0,0,1,0,1,0,0,0,0,0,0,3,5,2,7,50,57.14285714,50,57.14285714,1,,,
16-Feb,18.52,3:25:00 PM,3:43:31 PM,1,0,1,1,0,1,1,1,1,77.77777778,1,1,1,1,0,1,1,1,1,88.88888889,2,2,1,42577,2,20,0,.,1,Tuesday 2/16,5,nophoto,0,0,,,,,,,,,,,,,,,,88.88888889,88.88888889,,,,
10-Feb,11.43,2:20:00 PM,2:31:26 PM,1,1,1,1,1,1,1,1,1,100,1,1,1,0,1,0,1,1,1,77.77777778,2,2,2,42635,1,22,0,.,1,Wednesday 2/10,2,nophoto,0,0,,,,,,,,,,,,,,,,77.77777778,77.77777778,,,,
12-Feb,19.77,11:36:00 AM,11:55:46 AM,1,1,1,1,0,1,1,1,1,88.88888889,1,1,0,0,1,1,1,1,0,66.66666667,2,2,2,42650,2,21,1,7,1,Friday 2/12,4,photo,0,0,0,1,0,1,0,0,0,0,0,5,7,2,7,50,85.71428571,50,85.71428571,1,,,
9-Feb,21.12,3:03:00 PM,3:24:07 PM,1,0,1,1,1,1,0,0,1,66.66666667,1,1,0,0,1,0,0,1,1,55.55555556,2,2,1,42759,2,18,1,7,1,Tuesday 2/9,1,photo,0,0,0,0,0,0,0,0,0,0,1,5,6,1,8,100,62.5,100,62.5,1,,,
12-Feb,23.40,2:42:00 PM,3:05:24 PM,1,1,0,1,1,1,1,0,1,77.77777778,1,1,1,1,0,1,1,1,1,88.88888889,2,2,3,42762,1,22,1,5,1,Friday 2/12,4,photo,0,0,0,1,0,0,0,0,0,0,0,3,5,1,8,100,75,100,75,1,,,
9-Feb,18.50,1:37:00 PM,1:55:30 PM,1,1,1,1,1,1,0,1,1,88.88888889,0,1,1,0,0,0,0,1,1,44.44444444,2,1,1,42830,1,20,0,.,1,Tuesday 2/9,1,nophoto,0,0,,,,,,,,,,,,,,,,44.44444444,44.44444444,,,,
11-Feb,18.47,3:36:00 PM,3:54:28 PM,1,0,1,1,1,1,1,1,1,88.88888889,0,1,0,0,1,1,0,1,1,55.55555556,2,2,1,42880,2,18,1,10,1,Thursday 2/11,3,photo,0,0,0,1,0,0,0,0,0,0,0,6,7,1,8,100,100,100,100,1,,,
11-Feb,19.78,4:09:00 PM,4:28:47 PM,1,0,1,1,0,1,1,0,1,66.66666667,1,1,0,0,1,1,1,1,1,77.77777778,1,2,1,42887,1,19,0,.,1,Thursday 2/11,3,nophoto,0,0,,,,,,,,,,,,,,,,77.77777778,77.77777778,,,,
10-Feb,20.43,1:16:00 PM,1:36:26 PM,1,0,1,1,0,1,1,1,1,77.77777778,1,1,0,1,1,1,1,0,1,77.77777778,2,2,2,42888,1,19,1,6,1,Wednesday 2/10,2,photo,0,0,1,1,0,0,0,0,0,0,0,4,6,2,7,100,85.71428571,100,85.71428571,1,,,
9-Feb,17.75,1:56:00 PM,2:13:45 PM,0,1,1,1,1,1,0,0,0,55.55555556,1,1,0,0,1,0,0,0,0,33.33333333,2,2,1,42911,2,18,0,.,1,Tuesday 2/9,1,nophoto,0,0,,,,,,,,,,,,,,,,33.33333333,33.33333333,,,,
10-Feb,17.23,1:04:00 PM,1:21:14 PM,1,0,1,1,1,1,0,1,1,77.77777778,1,1,0,1,1,1,0,1,1,77.77777778,2,2,1,42912,1,18,1,12,1,Wednesday 2/10,2,photo,0,0,0,1,0,0,0,0,0,0,0,4,5,1,8,100,87.5,100,87.5,1,,,
12-Feb,18.40,1:42:00 PM,2:00:24 PM,0,1,1,1,1,1,1,1,1,88.88888889,1,1,0,1,0,0,0,1,0,44.44444444,2,2,2,42919,1,19,0,.,1,Friday 2/12,4,nophoto,0,0,,,,,,,,,,,,,,,,44.44444444,44.44444444,,,,
11-Feb,16.48,12:01:00 PM,12:17:29 PM,1,0,1,1,1,1,1,1,1,88.88888889,0,1,1,0,1,0,0,1,1,55.55555556,2,1,1,42933,1,18,1,5,1,Thursday 2/11,3,photo,0,0,1,0,0,0,0,0,0,0,0,4,5,1,8,0,87.5,,87.5,1,,,
12-Feb,20.02,2:20:00 PM,2:40:01 PM,1,1,0,1,1,1,1,0,1,77.77777778,1,1,1,1,1,1,1,0,0,77.77777778,1,2,2,42942,1,18,1,8,1,Friday 2/12,4,photo,0,0,0,0,0,0,0,0,0,0,0,6,6,0,9,,77.77777778,,77.77777778,1,,,
17-Feb,17.18,2:13:00 PM,2:30:11 PM,1,1,1,0,1,1,1,1,0,77.77777778,1,1,1,0,1,1,1,1,1,88.88888889,2,1,1,42945,2,19,0,.,1,Wednesday 2/17,6,nophoto,0,0,,,,,,,,,,,,,,,,88.88888889,88.88888889,,,,
12-Feb,19.30,4:04:00 PM,4:23:18 PM,1,1,0,1,1,1,1,0,1,77.77777778,1,1,1,1,1,0,1,1,0,77.77777778,2,2,1,42947,2,18,1,7,1,Friday 2/12,4,photo,0,0,1,1,0,0,0,0,1,0,0,7,11,3,6,100,66.66666667,100,66.66666667,1,,,
17-Feb,18.57,1:23:00 PM,1:41:34 PM,0,1,0,1,0,0,0,0,1,33.33333333,0,1,1,0,1,0,1,0,1,55.55555556,2,1,1,42968,2,18,1,7,0,Wednesday 2/17,6,photo,0,0,,,,,,,,,,,,,,,,55.55555556,55.55555556,0,,,
17-Feb,22.40,1:00:00 PM,1:22:24 PM,1,1,1,1,1,1,1,1,1,100,1,1,0,1,1,1,0,1,0,66.66666667,2,2,2,42971,1,18,1,10,1,Wednesday 2/17,6,photo,0,0,1,1,0,0,0,0,0,1,0,6,9,3,6,100,100,100,100,1,,,
16-Feb,18.60,12:05:00 PM,12:23:36 PM,1,1,1,0,1,1,1,1,1,88.88888889,1,1,0,0,0,0,0,0,1,33.33333333,1,1,2,42972,2,18,1,6,1,Tuesday 2/16,5,photo,ID number not legible; may want to double check sign-up sheets (4297*),0,1,1,0,0,0,0,0,0,0,4,6,2,7,100,85.71428571,100,85.71428571,1,,,
16-Feb,20.42,3:24:00 PM,3:44:25 PM,1,1,0,0,1,1,0,1,1,66.66666667,1,1,0,0,1,1,1,1,1,77.77777778,1,2,3,42994,2,18,0,.,1,Tuesday 2/16,5,nophoto,0,0,,,,,,,,,,,,,,,,77.77777778,77.77777778,,,,
12-Feb,18.55,1:42:00 PM,2:00:33 PM,0,1,1,1,1,1,1,0,0,66.66666667,1,1,0,0,0,1,0,1,1,55.55555556,2,2,1,43035,2,18,0,.,1,Friday 2/12,4,nophoto,0,0,,,,,,,,,,,,,,,,55.55555556,55.55555556,,,,
17-Feb,19.93,10:25:00 AM,10:44:56 AM,1,1,1,1,1,1,1,1,1,100,1,1,1,1,1,1,0,1,0,77.77777778,1,1,3,43124,2,19,0,.,1,Wednesday 2/17,6,nophoto,0,0,,,,,,,,,,,,,,,,77.77777778,77.77777778,,,,
10-Feb,17.65,10:39:00 AM,10:56:39 AM,1,1,0,0,1,1,1,1,1,77.77777778,1,1,0,1,1,0,1,1,1,77.77777778,2,2,1,43160,2,19,0,.,1,Wednesday 2/10,2,nophoto,0,0,,,,,,,,,,,,,,,,77.77777778,77.77777778,,,,
10-Feb,19.27,12:02:00 PM,12:21:16 PM,1,0,1,1,1,1,1,0,0,66.66666667,1,1,1,1,1,0,1,1,1,88.88888889,1,1,2,43166,2,19,0,.,0,Wednesday 2/10,2,nophoto,0,0,,,,,,,,,,,,,,,,88.88888889,88.88888889,,,,
12-Feb,21.00,3:00:00 PM,3:21:00 PM,1,1,1,0,1,1,1,0,1,77.77777778,1,1,1,1,1,0,0,1,0,66.66666667,2,2,1,43179,1,19,0,.,1,Friday 2/12,4,nophoto,0,0,,,,,,,,,,,,,,,,66.66666667,66.66666667,,,,
9-Feb,18.07,3:43:00 PM,4:01:04 PM,1,0,0,1,0,1,0,1,1,55.55555556,1,0,1,1,0,1,0,1,1,66.66666667,2,2,1,43187,1,20,0,.,1,Tuesday 2/9,1,nophoto,0,0,,,,,,,,,,,,,,,,66.66666667,66.66666667,,,,
16-Feb,18.53,10:23:00 AM,10:41:32 AM,1,1,1,1,1,1,1,1,1,100,1,1,1,0,1,0,0,1,0,55.55555556,2,2,2,43196,1,18,1,5,1,Tuesday 2/16,5,photo,0,0,,,,,,,,,,,,,,,,55.55555556,55.55555556,0,,,
17-Feb,19.18,1:04:00 PM,1:23:11 PM,0,1,0,1,1,1,1,1,1,77.77777778,1,1,0,0,1,1,1,1,0,66.66666667,2,2,1,43205,1,18,1,10,1,Wednesday 2/17,6,photo,0,0,1,0,0,0,0,0,0,0,0,9,10,1,8,100,55.55555556,100,55.5555555,1,,,
17-Feb,14.60,4:10:00 PM,4:24:36 PM,1,0,1,1,0,1,0,1,1,66.66666667,1,1,1,1,0,1,1,1,1,88.88888889,2,1,2,43238,1,20,0,.,1,Wednesday 2/17,6,nophoto,0,0,,,,,,,,,,,,,,,,88.88888889,88.88888889,,,,
9-Feb,22.25,12:24:00 PM,12:46:15 PM,1,0,1,0,1,1,1,1,1,77.77777778,1,1,1,1,0,0,1,0,1,66.66666667,1,2,1,43239,2,20,1,5,1,Tuesday 2/9,1,photo,0,0,0,0,0,0,0,0,0,0,0,5,5,0,9,,77.77777778,0,77.77777778,1,,,
10-Feb,17.55,12:15:00 PM,12:32:33 PM,1,1,1,1,1,1,1,1,1,100,1,1,0,1,1,0,0,0,0,44.44444444,2,2,2,43244,2,18,0,.,1,Wednesday 2/10,2,nophoto,0,0,,,,,,,,,,,,,,,,44.44444444,44.44444444,,,,
12-Feb,18.18,1:39:00 PM,1:57:11 PM,1,1,1,1,0,1,1,1,1,88.88888889,1,0,0,0,1,0,1,1,0,44.44444444,2,2,1,43255,2,18,0,.,1,Friday 2/12,4,nophoto,0,0,,,,,,,,,,,,,,,,44.44444444,44.44444444,,,,
16-Feb,20.82,2:23:00 PM,2:43:49 PM,1,1,1,1,0,1,1,1,1,88.88888889,0,1,0,1,1,0,0,1,1,55.55555556,2,2,1,43263,2,19,1,9,1,Tuesday 2/16,5,photo,0,0,,,,,,,,,,,,,,,,55.55555556,55.55555556,0,,,
9-Feb,21.85,4:01:00 PM,4:22:51 PM,1,1,1,1,1,1,0,1,1,88.88888889,0,0,0,0,0,0,1,1,0,22.22222222,2,2,1,43287,2,23,1,5,1,Tuesday 2/9,1,photo,0,0,0,0,0,0,0,0,0,1,0,4,5,1,8,100,87.5,100,87.5,1,,,
12-Feb,18.20,1:39:00 PM,1:57:12 PM,1,1,1,1,1,1,0,1,1,88.88888889,0,0,0,1,1,1,1,1,0,55.55555556,2,2,3,43295,2,19,0,.,1,Friday 2/12,4,nophoto,0,0,,,,,,,,,,,,,,,,55.55555556,55.55555556,,,,
12-Feb,21.85,4:06:00 PM,4:27:51 PM,1,0,0,1,1,1,1,1,1,77.77777778,1,1,1,0,1,1,1,1,1,88.88888889,2,2,1,43300,2,19,1,5,0,Friday 2/12,4,photo,0,0,0,1,0,0,0,0,0,0,1,3,5,2,7,100,85.71428571,100,85.71428571,1,,,
10-Feb,12.03,2:09:00 PM,2:21:02 PM,1,1,1,1,1,1,1,0,1,88.88888889,0,0,0,1,1,1,0,1,1,55.55555556,2,2,1,43341,1,19,0,.,1,Wednesday 2/10,2,nophoto,0,0,,,,,,,,,,,,,,,,55.55555556,55.55555556,,,,
10-Feb,29.72,11:24:00 AM,11:53:43 AM,1,0,1,1,1,1,1,1,1,88.88888889,1,1,0,1,1,1,1,1,1,88.88888889,1,2,3,43384,2,19,1,7,1,Wednesday 2/10,2,photo,0,0,,,,,,,,,,,,,,,,88.88888889,88.88888889,0,,,
12-Feb,23.05,11:41:00 AM,12:04:03 PM,1,1,1,1,1,1,1,0,0,77.77777778,1,1,1,1,1,1,1,1,1,100,2,1,1,43386,1,20,1,4,1,Friday 2/12,4,photo,0,0,1,0,0,0,0,1,0,0,0,4,6,2,7,100,71.42857143,100,71.42857143,1,,,
9-Feb,20.33,4:00:00 PM,4:20:20 PM,0,0,1,1,1,1,1,1,1,77.77777778,0,1,0,1,1,0,0,1,1,55.55555556,1,2,3,43433,1,18,1,5,1,Tuesday 2/9,1,photo,0,0,0,0,0,0,1,0,0,0,0,4,5,1,8,100,75,100,75,1,,,
10-Feb,18.25,12:43:00 PM,1:01:15 PM,0,0,1,1,0,1,0,1,1,55.55555556,0,1,0,1,1,1,1,1,1,77.77777778,2,2,2,43456,1,18,0,.,1,Wednesday 2/10,2,nophoto,0,0,,,,,,,,,,,,,,,,77.77777778,77.77777778,,,,
11-Feb,25.62,12:20:00 PM,12:45:37 PM,1,1,0,1,1,1,1,0,1,77.77777778,1,1,1,1,1,1,1,0,0,77.77777778,2,2,2,43498,1,20,1,7,1,Thursday 2/11,3,photo,0,0,1,0,0,1,0,0,0,0,0,4,6,2,7,100,71.42857143,100,71.42857143,1,,,
12-Feb,20.57,10:46:00 AM,11:06:34 AM,1,1,1,1,1,1,1,1,1,100,1,1,1,1,0,1,1,1,1,88.88888889,2,2,4,43519,1,24,0,.,1,Friday 2/12,4,nophoto,0,0,,,,,,,,,,,,,,,,88.88888889,88.88888889,,,,
9-Feb,18.87,12:39:00 PM,12:57:52 PM,1,0,0,1,1,1,1,1,1,77.77777778,1,1,1,1,1,0,0,1,0,66.66666667,2,2,1,43523,1,20,1,5,1,Tuesday 2/9,1,photo,0,0,1,0,0,0,0,0,0,0,0,5,6,1,8,100,75,100,75,1,,,
16-Feb,22.27,2:57:00 PM,3:19:16 PM,1,0,0,1,1,1,1,1,1,77.77777778,1,1,1,1,1,0,0,1,0,66.66666667,2,2,1,43534,2,18,1,5,1,Tuesday 2/16,5,photo,0,0,0,1,0,0,0,1,0,0,0,3,5,2,7,50,85.71428571,50,85.71428571,1,,,
9-Feb,20.05,3:43:00 PM,4:03:03 PM,0,0,1,1,1,1,0,0,1,55.55555556,1,1,1,0,1,1,1,1,0,77.77777778,2,2,1,43543,2,24,0,.,1,Tuesday 2/9,1,nophoto,0,0,,,,,,,,,,,,,,,,77.77777778,77.77777778,,,,
11-Feb,17.63,3:24:00 PM,3:41:38 PM,1,0,1,1,0,1,1,0,0,55.55555556,0,1,0,1,0,0,0,1,1,44.44444444,2,1,2,43555,1,22,1,7,1,Thursday 2/11,3,photo,0,0,,,,,,,,,,,,,,,,44.44444444,44.44444444,0,,,
17-Feb,13.13,3:05:00 PM,3:18:08 PM,1,1,1,1,0,1,1,0,1,77.77777778,0,1,0,0,1,1,1,0,1,55.55555556,2,2,1,43570,2,18,1,5,1,Wednesday 2/17,6,photo,0,0,0,0,0,0,0,0,0,0,1,4,5,1,8,100,75,100,75,1,,,
12-Feb,18.30,3:02:00 PM,3:20:18 PM,1,1,1,0,1,1,1,1,0,77.77777778,1,1,0,1,1,1,0,1,0,66.66666667,2,1,5,43590,2,18,0,.,1,Friday 2/12,4,nophoto,0,0,,,,,,,,,,,,,,,,66.66666667,66.66666667,,,,
12-Feb,18.20,3:16:00 PM,3:34:12 PM,1,0,1,1,1,1,1,0,1,77.77777778,0,1,1,0,0,0,0,1,1,44.44444444,2,2,1,43619,2,20,0,.,1,Friday 2/12,4,nophoto,0,0,,,,,,,,,,,,,,,,44.44444444,44.44444444,,,,
9-Feb,18.75,4:00:00 PM,4:18:45 PM,1,1,1,1,1,1,0,1,1,88.88888889,1,1,0,1,1,1,0,1,1,77.77777778,2,2,3,43667,1,18,1,6,1,Tuesday 2/9,1,photo,0,0,0,0,0,0,0,0,0,0,0,6,6,0,9,,88.88888889,,88.88888889,1,,,
12-Feb,19.13,4:27:00 PM,4:46:08 PM,0,0,0,0,1,1,0,0,1,33.33333333,1,0,0,1,1,1,1,1,1,77.77777778,2,2,1,43689,2,18,1,10,1,Friday 2/12,4,photo,0,0,0,0,0,1,0,0,0,0,0,6,7,1,8,100,37.5,100,37.5,1,,,
11-Feb,17.73,12:02:00 PM,12:19:44 PM,1,0,1,0,1,1,1,1,1,77.77777778,1,1,1,0,1,0,1,1,0,66.66666667,2,2,1,43702,2,24,1,6,1,Thursday 2/11,3,photo,0,0,,,,,,,,,,,,,,,,66.66666667,66.66666667,0,,,
17-Feb,17.87,12:17:00 PM,12:34:52 PM,1,1,1,1,1,1,1,1,1,100,1,1,0,1,1,0,0,1,0,55.55555556,2,1,1,43706,2,18,0,.,1,Wednesday 2/17,6,nophoto,0,0,,,,,,,,,,,,,,,,55.55555556,55.55555556,,,,
12-Feb,20.03,4:04:00 PM,4:24:02 PM,1,1,1,1,1,1,1,0,1,88.88888889,1,0,1,1,1,0,0,1,1,66.66666667,2,2,2,43722,2,20,1,6,1,Friday 2/12,4,photo,0,0,0,0,0,0,0,0,0,0,0,7,7,0,9,,88.88888889,,88.88888889,1,,,
16-Feb,24.05,12:59:00 PM,1:23:03 PM,0,1,1,1,1,1,1,1,1,88.88888889,0,1,0,1,0,1,0,1,0,44.44444444,2,1,2,43738,2,18,1,7,1,Tuesday 2/16,5,photo,0,0,0,0,0,0,0,0,0,0,0,5,5,0,9,,88.88888889,,88.88888889,1,,,
10-Feb,17.08,3:04:00 PM,3:21:05 PM,1,0,1,1,1,1,0,0,1,66.66666667,1,1,0,0,1,0,1,1,1,66.66666667,2,2,2,43749,2,19,1,6,1,Wednesday 2/10,2,photo,0,0,1,0,0,0,0,0,0,0,0,5,6,1,8,100,62.5,100,62.5,1,,,
17-Feb,20.45,3:23:00 PM,3:43:27 PM,0,1,1,1,0,0,0,0,0,33.33333333,1,1,0,0,0,1,0,1,1,55.55555556,2,2,1,43757,1,22,1,9,1,Wednesday 2/17,6,photo,0,0,0,1,0,0,1,0,0,0,0,4,6,2,7,50,28.57142857,50,28.57142857,1,,,
9-Feb,18.22,11:43:00 AM,12:01:13 PM,1,1,1,1,1,1,1,1,1,100,1,1,0,1,0,0,1,1,1,66.66666667,2,1,1,43767,1,18,0,.,1,Tuesday 2/9,1,nophoto,0,0,,,,,,,,,,,,,,,,66.66666667,66.66666667,,,,
10-Feb,20.12,10:27:00 AM,10:47:07 AM,1,1,1,1,1,1,1,0,0,77.77777778,0,0,1,0,1,1,1,0,1,55.55555556,2,1,5,43836,2,20,0,.,1,Wednesday 2/10,2,nophoto,0,0,,,,,,,,,,,,,,,,55.55555556,55.55555556,,,,
16-Feb,22.17,1:26:00 PM,1:48:10 PM,1,1,1,0,1,1,1,1,1,88.88888889,1,0,1,0,1,1,1,0,0,55.55555556,2,2,4,43854,2,18,0,.,1,Tuesday 2/16,5,nophoto,0,0,,,,,,,,,,,,,,,,55.55555556,55.55555556,,,,
16-Feb,21.00,2:06:00 PM,2:27:00 PM,1,1,1,1,1,1,1,0,1,88.88888889,0,1,0,1,1,0,0,1,0,44.44444444,2,1,1,43857,1,18,1,5,1,Tuesday 2/16,5,photo,0,0,0,1,0,0,0,1,0,0,0,3,5,2,7,50,85.71428571,50,85.71428571,1,,,
9-Feb,18.53,11:56:00 AM,12:14:32 PM,0,1,1,1,0,1,1,1,0,66.66666667,0,1,0,1,1,1,0,1,1,66.66666667,2,2,1,43892,2,18,0,.,1,Tuesday 2/9,1,nophoto,0,0,,,,,,,,,,,,,,,,66.66666667,66.66666667,,,,
9-Feb,18.65,11:06:00 AM,11:24:39 AM,0,1,1,1,0,1,1,0,1,66.66666667,0,1,1,0,1,1,1,1,1,77.77777778,2,1,3,43904,1,18,0,.,1,Tuesday 2/9,1,nophoto,0,0,,,,,,,,,,,,,,,,77.77777778,77.77777778,,,,
11-Feb,19.53,12:22:00 PM,12:41:32 PM,1,0,1,1,1,1,0,1,1,77.77777778,1,1,1,0,1,1,0,1,1,77.77777778,2,2,2,43918,1,20,1,11,0,Thursday 2/11,3,photo,0,0,0,0,0,0,0,0,0,0,0,5,5,0,9,,77.77777778,,77.77777778,1,,,
9-Feb,22.17,11:02:00 AM,11:24:10 AM,0,1,1,1,1,1,1,1,1,88.88888889,1,1,0,0,0,1,0,0,0,33.33333333,2,2,4,43973,1,22,0,.,1,Tuesday 2/9,1,nophoto,0,0,,,,,,,,,,,,,,,,33.33333333,33.33333333,,,,
17-Feb,17.07,2:13:00 PM,2:30:04 PM,1,1,1,1,1,1,1,1,1,100,1,1,0,0,1,1,0,1,0,55.55555556,2,1,1,43976,2,20,0,.,1,Wednesday 2/17,6,nophoto,0,0,,,,,,,,,,,,,,,,55.55555556,55.55555556,,,,
9-Feb,18.90,11:51:00 AM,12:09:54 PM,1,0,1,1,1,1,1,1,1,88.88888889,1,1,1,1,1,0,0,1,0,66.66666667,1,2,2,43982,1,20,0,.,1,Tuesday 2/9,1,nophoto,0,0,,,,,,,,,,,,,,,,66.66666667,66.66666667,,,,
10-Feb,14.05,2:04:00 PM,2:18:03 PM,1,0,1,0,0,1,0,1,0,44.44444444,1,0,0,0,0,0,0,0,1,22.22222222,2,2,2,43992,1,18,0,.,1,Wednesday 2/10,2,nophoto,0,0,,,,,,,,,,,,,,,,22.22222222,22.22222222,,,,
9-Feb,17.38,1:05:00 PM,1:22:23 PM,1,1,1,1,1,1,1,1,1,100,0,0,1,0,1,1,0,1,1,55.55555556,2,2,1,44003,2,20,0,.,1,Tuesday 2/9,1,nophoto,0,0,,,,,,,,,,,,,,,,55.55555556,55.55555556,,,,
10-Feb,18.17,12:24:00 PM,12:42:10 PM,1,1,1,1,1,0,1,0,1,77.77777778,1,1,1,1,1,1,0,1,1,88.88888889,2,1,2,44009,1,18,0,.,1,Wednesday 2/10,2,nophoto,0,0,,,,,,,,,,,,,,,,88.88888889,88.88888889,,,,
12-Feb,31.27,10:54:00 AM,11:25:16 AM,1,1,1,0,1,1,1,1,1,88.88888889,1,1,1,1,0,0,1,0,1,66.66666667,2,2,1,44010,2,21,0,.,1,Friday 2/12,4,nophoto,0,0,,,,,,,,,,,,,,,,66.66666667,66.66666667,,,,
16-Feb,22.08,4:02:00 PM,4:24:05 PM,1,1,1,0,1,1,1,1,1,88.88888889,1,1,0,1,0,0,1,1,1,66.66666667,2,1,2,44013,2,18,0,.,1,Tuesday 2/16,5,nophoto,0,0,,,,,,,,,,,,,,,,66.66666667,66.66666667,,,,
11-Feb,20.45,12:02:00 PM,12:22:27 PM,1,0,0,0,1,1,1,1,0,55.55555556,1,1,1,1,1,1,1,0,1,88.88888889,2,2,1,44055,2,22,1,6,1,Thursday 2/11,3,photo,0,0,0,1,1,1,0,0,0,0,0,3,6,3,6,100,83.33333333,100,83.33333333,1,,,
9-Feb,19.43,3:16:00 PM,3:35:26 PM,1,1,1,1,0,1,1,1,1,88.88888889,1,1,1,1,1,0,0,1,1,77.77777778,2,1,1,44064,2,19,0,.,1,Tuesday 2/9,1,nophoto,0,0,,,,,,,,,,,,,,,,77.77777778,77.77777778,,,,
9-Feb,19.95,4:26:00 PM,4:45:57 PM,1,1,1,0,1,1,0,1,1,77.77777778,1,1,0,0,1,1,1,1,1,77.77777778,2,2,1,44067,1,22,1,6,1,Tuesday 2/9,1,photo,0,0,1,1,0,0,0,0,0,0,0,4,6,2,7,100,71.42857143,100,71.42857143,1,,,
17-Feb,17.55,3:07:00 PM,3:24:33 PM,1,1,0,1,1,1,1,1,1,88.88888889,1,1,1,1,0,0,0,1,1,66.66666667,2,2,1,44069,1,19,1,6,1,Wednesday 2/17,6,photo,0,0,1,0,0,1,0,0,0,1,0,3,6,3,6,100,83.33333333,100,83.33333333,1,,,
12-Feb,17.00,10:24:00 AM,10:41:00 AM,1,1,1,0,1,1,1,1,1,88.88888889,1,1,0,1,0,0,1,1,1,66.66666667,2,2,1,44072,1,19,0,.,1,Friday 2/12,4,nophoto,0,0,,,,,,,,,,,,,,,,66.66666667,66.66666667,,,,
10-Feb,16.60,12:10:00 PM,12:26:36 PM,1,1,1,1,1,0,0,1,1,77.77777778,1,1,0,0,1,0,1,1,0,55.55555556,2,2,1,44078,1,20,0,.,1,Wednesday 2/10,2,nophoto,0,0,,,,,,,,,,,,,,,,55.55555556,55.55555556,,,,
9-Feb,21.52,10:43:00 AM,11:04:31 AM,0,1,1,1,1,1,1,0,1,77.77777778,1,1,1,1,1,0,1,1,1,88.88888889,2,2,2,44087,1,19,1,11,0,Tuesday 2/9,1,photo,0,0,1,0,0,0,0,0,1,1,0,6,10,3,6,100,100,100,100,1,,,
16-Feb,20.27,2:23:00 PM,2:43:16 PM,1,1,1,1,0,1,1,1,1,88.88888889,1,1,0,0,0,0,0,1,1,44.44444444,1,1,3,44096,2,22,1,5,1,Tuesday 2/16,5,photo,0,0,1,1,0,0,0,0,0,0,0,3,5,2,7,100,85.71428571,100,85.71428571,1,,,
10-Feb,169.80,11:45:00 AM,2:34:48 PM,1,1,1,0,1,1,1,1,1,88.88888889,1,1,1,1,1,0,1,1,0,77.77777778,1,1,4,44102,2,19,0,.,1,Wednesday 2/10,2,photo,0,0,,,,,,,,,,,,,,,,77.77777778,77.77777778,0,,,
12-Feb,24.00,2:44:00 PM,3:08:00 PM,1,1,0,1,1,1,0,1,1,77.77777778,0,1,1,0,1,1,1,1,1,77.77777778,2,2,1,44109,1,18,1,6,1,Friday 2/12,4,photo,0,0,0,1,0,0,0,0,0,1,0,5,7,2,7,100,71.42857143,100,71.42857143,1,,,
17-Feb,19.83,10:23:00 AM,10:42:50 AM,1,1,1,1,1,1,0,0,0,66.66666667,0,1,0,1,0,1,0,0,1,44.44444444,1,2,2,44113,2,19,0,.,1,Wednesday 2/17,6,nophoto,0,0,,,,,,,,,,,,,,,,44.44444444,44.44444444,,,,
12-Feb,19.55,2:42:00 PM,3:01:33 PM,0,1,1,0,1,1,1,1,1,77.77777778,1,1,1,0,0,1,0,1,1,66.66666667,2,1,1,44116,2,19,1,10,1,Friday 2/12,4,photo,0,0,1,0,0,0,0,0,0,0,1,8,10,2,7,100,85.71428571,100,85.71428571,1,,,
12-Feb,34.63,3:22:00 PM,3:56:38 PM,1,1,0,1,1,1,1,0,0,66.66666667,1,1,0,1,1,0,0,0,1,55.55555556,1,2,3,44122,2,18,0,.,1,Friday 2/12,4,nophoto,0,0,,,,,,,,,,,,,,,,55.55555556,55.55555556,,,,
9-Feb,18.32,1:59:00 PM,2:17:19 PM,0,1,1,1,0,1,1,0,1,66.66666667,1,1,1,1,1,1,0,1,0,77.77777778,2,2,1,44133,1,19,0,.,1,Tuesday 2/9,1,nophoto,0,0,,,,,,,,,,,,,,,,77.77777778,77.77777778,,,,
9-Feb,18.60,1:39:00 PM,1:57:36 PM,1,1,1,1,1,1,0,0,0,66.66666667,1,1,0,0,0,1,0,1,0,44.44444444,2,2,1,44134,1,19,0,.,1,Tuesday 2/9,1,nophoto,0,0,,,,,,,,,,,,,,,,44.44444444,44.44444444,,,,
9-Feb,22.08,2:02:00 PM,2:24:05 PM,1,1,1,1,1,1,1,0,1,88.88888889,0,1,1,1,0,0,1,1,1,66.66666667,2,2,1,44135,1,19,1,11,0,Tuesday 2/9,1,photo,0,0,0,1,0,0,0,0,0,0,0,10,11,1,8,100,87.5,100,87.5,1,,,
9-Feb,19.30,10:19:00 AM,10:38:18 AM,0,0,1,0,1,1,1,1,0,55.55555556,1,1,0,0,0,1,1,1,1,66.66666667,2,2,1,44138,2,18,1,5,1,Tuesday 2/9,1,photo,0,0,0,0,0,0,0,0,0,0,0,3,3,0,9,,55.55555556,,55.55555556,1,,,
10-Feb,20.87,1:18:00 PM,1:38:52 PM,1,1,0,1,0,1,1,1,1,77.77777778,1,0,1,1,1,1,1,1,1,88.88888889,2,1,1,44140,1,21,1,5,1,Wednesday 2/10,2,photo,0,0,0,0,0,0,0,0,1,0,1,3,5,2,7,100,71.42857143,100,71.42857143,1,,,
16-Feb,17.82,11:00:00 AM,11:17:49 AM,1,1,0,1,1,1,1,1,1,88.88888889,1,1,0,0,1,1,0,1,0,55.55555556,2,2,1,44143,2,18,0,.,1,Tuesday 2/16,5,nophoto,0,0,,,,,,,,,,,,,,,,55.55555556,55.55555556,,,,
10-Feb,28.00,1:48:00 PM,2:16:00 PM,1,0,1,1,1,1,0,1,1,77.77777778,1,1,0,1,1,1,0,1,0,66.66666667,1,2,1,44144,1,19,1,6,1,Wednesday 2/10,2,photo,0,0,0,1,0,0,0,0,0,0,0,5,6,1,8,100,87.5,100,87.5,1,,,
9-Feb,16.95,2:31:00 PM,2:47:57 PM,1,0,1,1,1,1,1,1,1,88.88888889,1,1,1,1,1,1,1,1,0,88.88888889,2,1,4,44150,2,22,1,6,1,Tuesday 2/9,1,photo,0,0,0,1,0,0,0,0,0,0,0,5,6,1,8,100,100,100,100,1,,,
16-Feb,16.68,11:19:00 AM,11:35:41 AM,1,1,1,1,0,1,0,0,1,66.66666667,1,1,0,0,1,0,0,0,0,33.33333333,2,1,2,44154,1,18,0,.,1,Tuesday 2/16,5,nophoto,0,0,,,,,,,,,,,,,,,,33.33333333,33.33333333,,,,
12-Feb,19.32,2:42:00 PM,3:01:19 PM,1,0,0,0,1,1,0,1,0,44.44444444,1,1,0,0,1,1,0,1,1,66.66666667,2,1,2,44157,1,19,1,5,0,Friday 2/12,4,photo,0,0,0,1,0,0,0,0,0,1,0,3,5,,,,,66.66666667,66.66666667,1,,,
17-Feb,26.70,2:45:00 PM,3:11:42 PM,1,1,1,0,1,1,1,1,1,88.88888889,1,1,1,0,1,1,0,1,0,66.66666667,2,2,1,44162,1,22,0,.,1,Wednesday 2/17,6,nophoto,0,0,,,,,,,,,,,,,,,,66.66666667,66.66666667,,,,
17-Feb,14.12,4:10:00 PM,4:24:07 PM,1,1,1,1,0,1,0,1,1,77.77777778,1,1,0,0,0,1,1,1,0,55.55555556,2,2,1,44175,2,19,0,.,0,Wednesday 2/17,6,nophoto,0,0,,,,,,,,,,,,,,,,55.55555556,55.55555556,,,,
9-Feb,22.00,3:21:00 PM,3:43:00 PM,1,0,0,0,1,1,0,1,1,55.55555556,1,0,1,1,1,0,0,1,0,55.55555556,2,1,1,44177,2,21,0,.,1,Tuesday 2/9,1,nophoto,0,0,,,,,,,,,,,,,,,,55.55555556,55.55555556,,,,
12-Feb,20.15,3:22:00 PM,3:42:09 PM,1,1,1,1,1,1,1,1,1,100,0,0,0,0,0,0,1,0,0,11.11111111,1,2,2,44181,2,18,0,.,0,Friday 2/12,4,nophoto,0,0,,,,,,,,,,,,,,,,11.11111111,11.11111111,,,,
10-Feb,20.00,2:25:00 PM,2:45:00 PM,1,0,1,1,1,1,0,1,1,77.77777778,1,1,0,1,1,1,0,1,0,66.66666667,2,1,1,44184,2,22,0,.,1,Wednesday 2/10,2,nophoto,0,0,,,,,,,,,,,,,,,,66.66666667,66.66666667,,,,
16-Feb,21.78,4:02:00 PM,4:23:47 PM,1,0,1,1,1,1,1,0,0,66.66666667,0,1,0,1,1,1,0,1,0,55.55555556,2,2,2,44185,2,19,0,.,1,Tuesday 2/16,5,nophoto,0,0,,,,,,,,,,,,,,,,55.55555556,55.55555556,,,,
11-Feb,18.53,2:38:00 PM,2:56:32 PM,1,0,1,1,1,1,1,1,1,88.88888889,0,1,0,0,1,1,0,1,1,55.55555556,1,2,3,44190,1,20,0,.,1,Thursday 2/11,3,nophoto,0,0,,,,,,,,,,,,,,,,55.55555556,55.55555556,,,,
17-Feb,22.00,2:40:00 PM,3:02:00 PM,1,1,1,1,1,1,1,1,1,100,1,1,1,0,1,1,0,1,1,77.77777778,2,2,2,44194,2,18,0,.,1,Wednesday 2/17,6,nophoto,0,0,,,,,,,,,,,,,,,,77.77777778,77.77777778,,,,
16-Feb,25.13,3:58:00 PM,4:23:08 PM,1,1,1,1,1,1,1,1,1,100,1,1,0,0,0,0,1,1,1,55.55555556,2,1,2,44197,2,19,0,.,1,Tuesday 2/16,5,nophoto,0,0,,,,,,,,,,,,,,,,55.55555556,55.55555556,,,,
16-Feb,21.57,11:05:00 AM,11:26:34 AM,0,1,1,1,0,1,1,1,1,77.77777778,1,1,0,1,1,1,1,1,0,77.77777778,2,2,1,44214,2,19,0,.,1,Tuesday 2/16,5,nophoto,0,0,,,,,,,,,,,,,,,,77.77777778,77.77777778,,,,
12-Feb,30.10,10:58:00 AM,11:28:06 AM,1,1,1,1,1,1,1,0,1,88.88888889,1,1,1,1,0,1,1,1,0,77.77777778,1,2,1,44221,1,18,0,.,1,Friday 2/12,4,nophoto,0,0,,,,,,,,,,,,,,,,77.77777778,77.77777778,,,,
16-Feb,22.22,12:24:00 PM,12:46:13 PM,1,0,1,1,1,1,1,1,1,88.88888889,1,1,0,1,1,0,0,1,1,66.66666667,2,2,1,44225,1,20,1,3,1,Tuesday 2/16,5,photo,0,0,0,1,0,0,0,0,0,0,0,2,3,1,8,100,100,100,100,1,,,
17-Feb,20.60,12:00:00 PM,12:20:36 PM,1,0,0,1,1,1,1,0,1,66.66666667,1,1,0,0,1,1,0,0,0,44.44444444,2,1,1,44227,1,20,0,.,1,Wednesday 2/17,6,nophoto,0,0,,,,,,,,,,,,,,,,44.44444444,44.44444444,,,,
9-Feb,30.63,2:58:00 PM,3:28:38 PM,1,0,1,1,1,1,1,1,1,88.88888889,0,1,1,1,0,0,0,0,1,44.44444444,2,2,1,44229,1,26,1,6,1,Tuesday 2/9,1,photo,0,0,,,,,,,,,,,,,,,,44.44444444,44.44444444,0,,,
12-Feb,20.68,1:56:00 PM,2:16:41 PM,1,0,0,1,1,1,1,0,1,66.66666667,1,1,1,1,0,1,0,1,0,66.66666667,2,1,2,44238,2,18,1,8,1,Friday 2/12,4,photo,0,0,,,,,,,,,,,,,,,,66.66666667,66.66666667,0,,,
10-Feb,26.32,3:57:00 PM,4:23:19 PM,1,1,1,1,1,1,1,1,1,100,1,1,0,1,1,0,1,1,0,66.66666667,2,1,1,44253,1,18,1,5,1,Wednesday 2/10,2,photo,0,0,0,0,0,1,0,0,0,0,0,4,5,1,8,100,100,100,100,1,,,
17-Feb,18.28,11:04:00 AM,11:22:17 AM,1,0,1,0,1,1,1,0,0,55.55555556,1,1,1,1,1,0,0,1,1,77.77777778,2,2,1,44255,1,20,0,.,0,Wednesday 2/17,6,photo,0,0,,,,,,,,,,,,,,,,77.77777778,77.77777778,0,,,
10-Feb,20.12,10:24:00 AM,10:44:07 AM,1,1,1,1,0,1,1,1,0,77.77777778,1,1,1,1,0,1,1,1,1,88.88888889,2,1,1,44256,1,19,1,5,0,Thursday 2/11,3,photo,0,0,0,1,0,1,0,1,0,0,0,2,5,3,6,100,66.66666667,100,66.66666667,1,,,
10-Feb,19.32,12:20:00 PM,12:39:19 PM,1,0,0,1,1,1,1,0,1,66.66666667,1,0,1,0,1,0,0,1,0,44.44444444,2,2,1,44258,2,19,0,.,1,Wednesday 2/10,2,nophoto,0,0,,,,,,,,,,,,,,,,44.44444444,44.44444444,,,,
9-Feb,19.02,1:23:00 PM,1:42:01 PM,1,0,1,1,0,1,1,0,1,66.66666667,1,1,0,1,0,1,0,0,1,55.55555556,1,1,1,44259,1,18,0,.,1,Tuesday 2/9,1,nophoto,0,0,,,,,,,,,,,,,,,,55.55555556,55.55555556,,,,
9-Feb,20.70,11:22:00 AM,11:42:42 AM,1,0,1,0,1,1,1,1,1,77.77777778,1,1,1,1,1,0,1,1,1,88.88888889,2,1,3,44264,1,18,0,.,0,Tuesday 2/9,1,nophoto,0,0,,,,,,,,,,,,,,,,88.88888889,88.88888889,,,,
16-Feb,19.08,12:17:00 PM,12:36:05 PM,1,0,1,1,0,1,0,0,0,44.44444444,0,0,1,0,1,0,0,0,0,22.22222222,2,2,1,44265,2,18,1,6,1,Tuesday 2/16,5,photo,0,0,0,0,1,0,0,0,0,0,0,4,5,1,8,100,37.5,100,37.5,1,,,
12-Feb,20.53,11:36:00 AM,11:56:32 AM,0,0,1,1,1,1,1,1,1,77.77777778,1,1,0,1,0,1,0,1,1,66.66666667,2,2,2,44269,1,20,1,7,1,Friday 2/12,4,photo,0,0,0,1,0,0,0,0,0,0,0,5,6,1,8,100,87.5,100,87.5,1,,,
11-Feb,20.32,3:15:00 PM,3:35:19 PM,1,1,1,1,1,1,0,0,1,77.77777778,0,1,0,0,1,0,0,1,1,44.44444444,2,2,3,44270,1,18,1,5,1,Thursday 2/11,3,photo,0,0,0,0,0,0,0,0,0,0,0,5,5,0,9,,77.77777778,0,77.77777778,1,,,
12-Feb,24.00,4:04:00 PM,4:28:00 PM,1,1,1,0,1,1,1,1,1,88.88888889,1,0,0,1,1,1,1,1,1,77.77777778,2,2,1,44273,1,22,1,6,1,Friday 2/12,4,photo,0,0,1,0,0,0,0,1,0,1,0,3,6,3,6,100,83.33333333,100,83.33333333,1,,,
11-Feb,19.20,3:12:00 PM,3:31:12 PM,1,1,1,1,0,0,1,0,1,66.66666667,1,1,0,1,0,1,1,0,0,55.55555556,2,2,1,44280,2,18,1,6,0,Thursday 2/11,3,photo,0,0,0,1,0,1,1,0,1,0,1,2,7,5,4,60,50,60,50,1,,,
16-Feb,18.75,3:05:00 PM,3:23:45 PM,1,1,0,1,1,1,1,0,1,77.77777778,1,1,0,1,1,0,0,1,0,55.55555556,2,2,1,44284,2,18,1,5,0,Tuesday 2/16,5,photo,0,0,0,0,0,0,0,0,0,0,0,5,5,0,9,,77.77777778,,77.77777778,1,,,
16-Feb,19.03,11:19:00 AM,11:38:02 AM,0,1,0,0,1,1,1,1,1,66.66666667,1,1,1,1,1,1,1,0,0,77.77777778,2,2,1,44288,2,29,0,.,1,Tuesday 2/16,5,nophoto,0,0,,,,,,,,,,,,,,,,77.77777778,77.77777778,,,,
11-Feb,19.02,3:03:00 PM,3:22:01 PM,1,1,1,1,1,1,1,1,1,100,1,1,1,1,1,1,0,1,0,77.77777778,2,2,1,44297,2,19,1,10,1,Thursday 2/11,3,photo,0,0,,,,,,,,,,,,,,,,77.77777778,77.77777778,0,,,
16-Feb,19.03,1:23:00 PM,1:42:02 PM,1,1,0,1,1,0,0,1,1,66.66666667,1,1,1,1,0,1,1,0,1,77.77777778,2,2,1,44301,2,30,0,.,1,Tuesday 2/16,5,nophoto,0,0,,,,,,,,,,,,,,,,77.77777778,77.77777778,,,,
10-Feb,18.65,3:58:00 PM,4:16:39 PM,0,0,1,1,1,1,1,1,1,77.77777778,0,1,0,1,0,1,1,1,1,66.66666667,2,2,1,44302,1,21,1,7,1,Wednesday 2/10,2,photo,0,0,1,0,0,0,0,0,0,0,0,7,11,1,8,0,87.5,0,87.5,1,,,
12-Feb,20.00,10:24:00 AM,10:44:00 AM,0,0,0,1,1,1,1,0,1,55.55555556,1,1,0,1,0,0,0,1,1,55.55555556,1,2,1,44303,1,19,0,.,1,Friday 2/12,4,nophoto,0,0,,,,,,,,,,,,,,,,55.55555556,55.55555556,,,,
11-Feb,22.27,4:25:00 PM,4:47:16 PM,1,1,1,1,1,1,1,1,1,100,1,1,0,1,1,1,0,1,1,77.77777778,2,2,1,44311,2,18,0,.,1,Thursday 2/11,3,nophoto,0,0,,,,,,,,,,,,,,,,77.77777778,77.77777778,,,,
17-Feb,18.92,1:23:00 PM,1:41:55 PM,1,0,0,0,1,1,0,1,1,55.55555556,1,1,1,0,0,0,0,0,1,44.44444444,2,2,1,44321,2,19,1,8,1,Wednesday 2/17,6,photo,0,0,0,0,1,0,0,0,0,0,0,5,6,1,8,100,62.5,100,62.5,1,,,
16-Feb,19.92,2:25:00 PM,2:44:55 PM,1,1,1,1,1,1,1,1,1,100,1,1,1,0,0,1,1,1,0,66.66666667,2,1,3,44323,1,20,1,8,1,Tuesday 2/16,5,photo,0,0,,,,,,,,,,,,,,,,66.66666667,66.66666667,0,,,
17-Feb,25.23,2:47:00 PM,3:12:14 PM,1,1,1,0,1,1,0,1,1,77.77777778,1,1,1,1,1,0,0,1,1,77.77777778,2,1,1,44325,1,22,0,.,1,Wednesday 2/17,6,nophoto,0,0,,,,,,,,,,,,,,,,77.77777778,77.77777778,,,,
17-Feb,21.67,1:57:00 PM,2:18:40 PM,1,0,0,1,0,1,1,1,1,66.66666667,0,1,0,1,1,0,0,1,1,55.55555556,1,1,1,44331,1,21,1,7,1,Wednesday 2/17,6,photo,0,0,1,1,0,0,0,0,0,0,1,4,7,3,6,66.66666667,66.66666667,66.66666667,66.66666667,1,,,
16-Feb,17.58,11:00:00 AM,11:17:35 AM,0,1,1,0,1,1,0,1,1,66.66666667,1,1,1,1,1,0,1,1,1,88.88888889,2,2,1,44333,2,18,0,.,1,Tuesday 2/16,5,nophoto,0,0,,,,,,,,,,,,,,,,88.88888889,88.88888889,,,,
16-Feb,21.43,11:03:00 AM,11:24:26 AM,1,1,1,1,1,1,1,1,0,88.88888889,1,1,0,1,1,0,0,1,1,66.66666667,2,1,5,44351,2,18,0,.,1,Tuesday 2/16,5,nophoto,0,0,,,,,,,,,,,,,,,,66.66666667,66.66666667,,,,
16-Feb,20.73,4:26:00 PM,4:46:44 PM,1,1,0,1,1,1,1,0,1,77.77777778,1,1,0,0,0,1,0,1,1,55.55555556,2,2,3,44352,1,18,1,2,1,Tuesday 2/16,5,photo,0,0,0,0,0,0,0,1,0,0,0,4,5,1,8,100,75,100,75,1,,,
17-Feb,20.12,1:02:00 PM,1:22:07 PM,1,1,1,1,0,1,0,0,1,66.66666667,1,0,0,0,1,1,1,1,0,55.55555556,2,2,1,44354,2,19,1,4,1,Wednesday 2/17,6,photo,0,0,1,0,0,1,0,0,0,0,0,5,7,2,7,50,57.14285714,50,57.14285714,1,,,
17-Feb,23.70,1:04:00 PM,1:27:42 PM,1,1,0,0,1,1,0,1,1,66.66666667,1,1,0,1,1,0,1,1,0,66.66666667,2,2,1,44357,2,18,1,10,1,Wednesday 2/17,6,photo,0,0,1,1,1,0,0,0,0,0,0,5,9,3,6,66.66666667,66.66666667,66.66666667,66.66666667,1,,,
17-Feb,20.45,1:39:00 PM,1:59:27 PM,1,0,0,0,1,0,1,1,1,55.55555556,1,1,1,1,0,1,1,1,0,77.77777778,2,2,1,44370,2,19,1,7,1,Wednesday 2/17,6,photo,0,0,1,0,0,0,0,0,0,0,0,5,6,1,8,100,50,100,50,1,,,
17-Feb,18.35,12:19:00 PM,12:37:21 PM,1,1,1,1,1,1,1,1,1,100,0,0,1,0,1,1,1,0,1,55.55555556,2,2,2,44375,1,19,0,.,1,Wednesday 2/17,6,nophoto,0,0,,,,,,,,,,,,,,,,55.55555556,55.55555556,,,,
17-Feb,22.15,11:22:00 AM,11:44:09 AM,1,1,0,0,0,1,0,1,1,55.55555556,1,1,1,0,0,1,1,1,1,77.77777778,2,2,1,44376,1,18,1,5,1,Wednesday 2/17,6,photo,0,0,0,1,0,0,0,1,0,0,0,3,5,2,7,100,42.85714286,100,42.85714286,1,,,
16-Feb,19.43,11:19:00 AM,11:38:26 AM,1,1,1,0,1,1,1,1,1,88.88888889,1,1,0,0,0,0,1,1,1,55.55555556,2,1,1,44377,1,19,0,.,1,Tuesday 2/16,5,nophoto,0,0,,,,,,,,,,,,,,,,55.55555556,55.55555556,,,,
17-Feb,18.67,12:38:00 PM,12:56:40 PM,1,1,1,1,1,0,0,0,0,55.55555556,1,0,1,0,0,1,1,1,1,66.66666667,2,2,2,44382,1,21,0,.,1,Wednesday 2/17,6,nophoto,0,0,,,,,,,,,,,,,,,,66.66666667,66.66666667,,,,
17-Feb,20.35,12:05:00 PM,12:25:21 PM,1,1,1,1,0,1,0,1,1,77.77777778,1,1,0,1,1,1,0,1,1,77.77777778,2,2,1,44386,1,19,0,.,1,Wednesday 2/17,6,nophoto,0,0,,,,,,,,,,,,,,,,77.77777778,77.77777778,,,,
17-Feb,14.90,3:07:00 PM,3:21:54 PM,1,1,1,1,1,1,1,1,1,100,1,1,0,0,0,1,1,1,0,55.55555556,2,1,3,44393,2,18,1,7,0,Wednesday 2/17,6,photo,0,0,1,1,1,1,0,0,0,0,0,4,9,4,5,50,100,50,100,1,,,
17-Feb,20.52,12:00:00 PM,12:20:31 PM,1,1,1,0,1,1,1,1,0,77.77777778,1,1,1,1,0,0,0,1,0,55.55555556,2,2,4,44394,1,20,0,.,1,Wednesday 2/17,6,nophoto,0,0,,,,,,,,,,,,,,,,55.55555556,55.55555556,,,,
9-Feb,17.72,11:38:00 AM,11:55:43 AM,1,1,1,1,1,1,1,1,1,100,1,1,0,1,0,0,0,1,1,55.55555556,2,1,1,45303,2,20,0,.,1,Tuesday 2/9,1,nophoto,0,0,,,,,,,,,,,,,,,,55.55555556,55.55555556,,,,
9-Feb,18.95,1:20:00 PM,1:38:57 PM,1,0,1,1,1,1,1,1,0,77.77777778,0,1,0,1,0,1,0,0,0,33.33333333,2,2,1,78655,1,22,0,.,1,Tuesday 2/9,1,nophoto,0,0,,,,,,,,,,,,,,,,33.33333333,33.33333333,,,,
12-Feb,19.77,3:00:00 PM,3:19:46 PM,1,1,1,0,1,1,1,1,1,88.88888889,0,1,0,1,1,0,1,1,0,55.55555556,2,1,3,433933,2,19,0,.,1,Friday 2/12,4,nophoto,0,0,,,,,,,,,,,,,,,,55.55555556,55.55555556,,,,
16-Feb,24.60,3:01:00 PM,3:25:36 PM,1,1,0,0,0,1,0,1,1,55.55555556,1,1,0,0,0,1,1,1,0,55.55555556,2,1,1,23955073,1,21,1,9,1,Tuesday 2/16,5,photo,entered Penn ID when taking survey,0,,,,,,,,,,,,,,,,55.55555556,55.55555556,0,,,
